{"type":"FeatureCollection","name":"omoi-japan-prefectures","source":"northprint/japan-map-selector@0.2.5","source_url":"https://github.com/northprint/japan-map-selector","license":"MIT","features":[{"type":"Feature","properties":{"id":1,"name_ja":"北海道"},"geometry":{"type":"MultiPolygon","coordinates":[[[[140.8646,42.0094],[140.8215,42.0342],[140.7588,42.1171],[140.7047,42.1374],[140.5511,42.113],[140.3877,42.2223],[140.2845,42.2563],[140.2772,42.3205],[140.295,42.378],[140.3574,42.4845],[140.4414,42.5675],[140.4759,42.5891],[140.5818,42.567],[140.7086,42.5826],[140.7586,42.5512],[140.7833,42.5009],[140.8806,42.4498],[140.9087,42.3768],[140.9823,42.3562],[140.9842,42.3268],[140.9506,42.3452],[140.9319,42.3383],[140.9435,42.3192],[141.002,42.301],[141.1556,42.4403],[141.4618,42.5925],[141.6242,42.6304],[141.81,42.6107],[141.9038,42.5774],[142.0273,42.4851],[142.1943,42.4478],[142.2768,42.3762],[142.4954,42.2656],[142.8144,42.1417],[142.9661,42.1178],[143.1343,42.0278],[143.1636,41.9827],[143.2418,41.9269],[143.2595,42.0039],[143.3122,42.0544],[143.3359,42.2018],[143.3101,42.2611],[143.3994,42.4315],[143.6317,42.6699],[143.9617,42.8984],[144.1629,42.9826],[144.2743,43.0038],[144.3599,42.9953],[144.3746,42.9675],[144.4504,42.9438],[144.6296,42.9513],[144.7816,42.9341],[144.722,42.9786],[144.746,43.0239],[144.8027,43.0589],[144.8543,43.0487],[144.8384,43.0241],[144.8812,42.9846],[144.9736,42.9815],[145.0244,43.0005],[145.0299,43.0281],[145.0858,43.0449],[145.1155,43.0843],[145.1222,43.1324],[145.1457,43.1447],[145.2018,43.136],[145.2971,43.1727],[145.4254,43.1874],[145.5026,43.1743],[145.5287,43.1861],[145.5678,43.278],[145.5964,43.2839],[145.6096,43.3104],[145.7549,43.3388],[145.8006,43.3621],[145.8082,43.388],[145.6507,43.3915],[145.4928,43.2666],[145.3969,43.291],[145.278,43.4019],[145.1968,43.6228],[145.335,43.5899],[145.3408,43.5715],[145.3027,43.5516],[145.3448,43.558],[145.3456,43.58],[145.1363,43.6534],[145.069,43.7482],[145.0611,43.8059],[145.0986,43.8609],[145.0939,43.89],[145.1551,43.9825],[145.2226,44.0371],[145.2639,44.1382],[145.3288,44.1914],[145.3617,44.2511],[145.3443,44.3395],[145.3137,44.3332],[145.1915,44.195],[145.0091,44.0945],[144.796,43.9319],[144.6038,43.9176],[144.3984,43.9461],[144.3002,43.9815],[144.2889,44.018],[144.2549,44.0393],[144.2501,44.1094],[144.2047,44.102],[143.9126,44.1505],[143.5159,44.2678],[143.4115,44.3095],[143.3404,44.372],[142.9942,44.5577],[142.6598,44.8404],[142.5864,44.9215],[142.578,44.9616],[142.5044,45.0601],[142.4067,45.1207],[142.1661,45.3421],[142.042,45.4089],[141.9614,45.5105],[141.9365,45.523],[141.8935,45.5089],[141.8635,45.4395],[141.7956,45.4065],[141.7458,45.4133],[141.7065,45.3968],[141.6477,45.4491],[141.6342,45.4206],[141.6571,45.3593],[141.574,45.2387],[141.569,45.1982],[141.7372,44.8857],[141.7828,44.7282],[141.7874,44.5867],[141.7675,44.5557],[141.755,44.4512],[141.6788,44.3327],[141.647,44.3121],[141.6623,44.0234],[141.6268,43.921],[141.5822,43.8726],[141.3819,43.802],[141.3301,43.7255],[141.3522,43.6412],[141.3828,43.6045],[141.3587,43.5193],[141.4287,43.4169],[141.4234,43.3281],[141.3046,43.2099],[141.1621,43.1439],[141.023,43.1848],[141.0019,43.2066],[141.0158,43.239],[140.791,43.1947],[140.7772,43.2245],[140.6462,43.2629],[140.63,43.2948],[140.4828,43.3757],[140.424,43.3289],[140.3599,43.3316],[140.3247,43.221],[140.4416,43.1274],[140.5291,43.0284],[140.519,42.9886],[140.4159,42.9415],[140.3088,42.831],[140.3044,42.7775],[140.2459,42.7682],[140.187,42.8267],[140.1443,42.7546],[140.0688,42.7234],[140.063,42.7045],[139.8984,42.6798],[139.8263,42.6187],[139.8529,42.4657],[139.836,42.4055],[139.781,42.3529],[139.7671,42.3025],[139.7793,42.2509],[139.7998,42.2289],[139.8807,42.2078],[139.9249,42.1329],[140.0236,42.1146],[140.1328,41.9749],[140.123,41.8253],[140.0732,41.7988],[140.0673,41.76],[140.0085,41.6911],[139.9821,41.6004],[140.0273,41.4624],[140.0749,41.4244],[140.1279,41.4308],[140.1999,41.3983],[140.2582,41.4802],[140.4123,41.5216],[140.4366,41.5587],[140.4418,41.6811],[140.6018,41.7427],[140.6227,41.8051],[140.6551,41.821],[140.7018,41.8154],[140.7266,41.7908],[140.7242,41.7737],[140.6926,41.7645],[140.704,41.74],[140.7381,41.7685],[140.79,41.7732],[140.9272,41.7384],[140.9683,41.7101],[141.0748,41.743],[141.1081,41.784],[141.186,41.8024],[141.1069,41.875],[140.9612,41.9152],[140.8755,42.007],[140.8646,42.0094]]],[[[139.3408,41.5251],[139.3405,41.4951],[139.3831,41.5076],[139.3759,41.5225],[139.3408,41.5251]]],[[[140.9674,45.4642],[140.994,45.4203],[140.9827,45.3831],[141.0267,45.2962],[141.0168,45.2835],[141.0465,45.2782],[141.067,45.4225],[141.0495,45.4508],[141.0133,45.433],[140.9851,45.4438],[140.9674,45.4642]]],[[[146.0987,43.4481],[146.0866,43.4277],[146.0242,43.4115],[146.0852,43.4197],[146.0987,43.4481]]],[[[145.8877,43.4622],[145.9006,43.4235],[145.9495,43.4234],[145.928,43.4489],[145.8979,43.4487],[145.8877,43.4622]]],[[[146.135,43.5489],[146.0731,43.5212],[146.1245,43.462],[146.1877,43.4835],[146.1784,43.5018],[146.1973,43.5278],[146.1615,43.5348],[146.135,43.5489]]],[[[146.3122,43.6515],[146.2938,43.629],[146.3568,43.6176],[146.3521,43.6383],[146.3279,43.6391],[146.3122,43.6515]]],[[[148.3427,45.2911],[148.1664,45.2586],[148.0295,45.271],[147.9618,45.4125],[147.9255,45.438],[147.9043,45.4302],[147.8493,45.367],[147.8816,45.2508],[147.8697,45.2241],[147.7349,45.1938],[147.6919,45.1331],[147.6977,45.1041],[147.6382,45.0753],[147.5514,45.1095],[147.5268,45.0989],[147.5172,44.9974],[147.4534,44.9717],[147.3831,44.9115],[147.273,44.8727],[147.2451,44.81],[147.1929,44.7972],[147.1326,44.8298],[147.1072,44.8221],[147.1135,44.7793],[147.1901,44.7652],[147.2002,44.7421],[147.1789,44.6881],[147.1079,44.6416],[147.004,44.6555],[147.0338,44.619],[146.9916,44.5751],[146.946,44.6279],[146.932,44.5801],[146.954,44.556],[146.8764,44.4998],[146.8647,44.4432],[146.9471,44.4258],[146.9832,44.4448],[147.0278,44.5185],[147.0747,44.5557],[147.2081,44.573],[147.251,44.5999],[147.3362,44.7149],[147.5969,44.8533],[147.6404,44.9143],[147.611,44.9397],[147.6169,44.9608],[147.6544,44.9942],[147.7263,45.0028],[147.7275,44.981],[147.7848,44.9477],[147.9042,44.961],[147.9808,45.0022],[148.0997,45.1127],[148.2953,45.2118],[148.5012,45.261],[148.5054,45.2789],[148.6219,45.3309],[148.74,45.3376],[148.7767,45.3227],[148.8425,45.3368],[148.8756,45.3878],[148.8286,45.4284],[148.8318,45.4595],[148.8905,45.4869],[148.8896,45.5178],[148.8108,45.5527],[148.6517,45.5373],[148.6391,45.5088],[148.5782,45.4895],[148.5569,45.458],[148.4862,45.4205],[148.48,45.3862],[148.4447,45.3532],[148.3518,45.3066],[148.3427,45.2911]]],[[[139.5597,42.2494],[139.4357,42.216],[139.4066,42.1782],[139.4264,42.0714],[139.4504,42.0609],[139.4961,42.0831],[139.5171,42.1764],[139.5609,42.229],[139.5597,42.2494]]],[[[141.3267,44.4424],[141.293,44.4196],[141.3356,44.4323],[141.3267,44.4424]]],[[[141.4257,44.4466],[141.3864,44.438],[141.4291,44.4335],[141.4257,44.4466]]],[[[141.2461,45.1007],[141.3295,45.1491],[141.3246,45.1837],[141.3036,45.2146],[141.1892,45.2568],[141.1324,45.2135],[141.1293,45.1844],[141.2046,45.1139],[141.2461,45.1007]]],[[[146.832,43.8869],[146.8224,43.8667],[146.7735,43.876],[146.7224,43.8375],[146.6099,43.8203],[146.585,43.8027],[146.6076,43.7679],[146.5893,43.7489],[146.6762,43.7074],[146.7017,43.7468],[146.7214,43.7336],[146.7821,43.7568],[146.7981,43.7866],[146.8471,43.8121],[146.8924,43.811],[146.9198,43.8374],[146.8401,43.8889],[146.832,43.8869]]],[[[145.8907,44.0945],[145.9453,44.1529],[146.0416,44.1836],[146.1046,44.2594],[146.2962,44.2757],[146.3885,44.3594],[146.4535,44.3771],[146.4907,44.354],[146.5337,44.3803],[146.5514,44.4271],[146.3377,44.4174],[146.2395,44.4554],[146.1837,44.505],[146.1293,44.5079],[146.006,44.3803],[145.9879,44.3188],[145.8858,44.2477],[145.7539,44.1094],[145.736,44.0469],[145.4731,43.8986],[145.4409,43.8505],[145.4069,43.8425],[145.4334,43.7209],[145.5506,43.7308],[145.535,43.6707],[145.5543,43.6703],[145.5909,43.8692],[145.6592,43.9108],[145.7786,43.9317],[145.8106,44.0128],[145.855,44.0294],[145.871,44.07],[145.8907,44.0945]]]]}},{"type":"Feature","properties":{"id":2,"name_ja":"青森県"},"geometry":{"type":"Polygon","coordinates":[[[141.6826,40.4503],[141.576,40.5429],[141.5346,40.5272],[141.5029,40.5429],[141.4479,40.6388],[141.417,40.7425],[141.3869,40.9242],[141.3885,41.1539],[141.4592,41.3792],[141.4565,41.425],[141.3343,41.3562],[141.2636,41.3561],[141.1932,41.3867],[141.1116,41.4596],[141.0027,41.4855],[140.9242,41.5346],[140.8975,41.526],[140.8984,41.4766],[140.8388,41.4129],[140.7988,41.3208],[140.7643,41.1478],[140.8115,41.1277],[140.8328,41.1497],[140.9452,41.1739],[140.9826,41.1992],[141.0582,41.1834],[141.1441,41.2342],[141.16,41.2782],[141.1983,41.272],[141.2791,41.1583],[141.2114,40.9517],[141.1488,40.8793],[141.1033,40.8725],[141.0642,40.9133],[140.9786,40.9331],[140.9821,40.9614],[140.9392,40.9951],[140.8801,41.0081],[140.86,40.9716],[140.8604,40.8891],[140.8017,40.8394],[140.7381,40.83],[140.6769,40.8895],[140.6317,41.1014],[140.6323,41.1916],[140.555,41.2244],[140.468,41.1818],[140.3464,41.2589],[140.3216,41.1478],[140.2505,41.1311],[140.3195,41.0927],[140.3241,41.0557],[140.2988,40.9058],[140.2579,40.8108],[140.116,40.7413],[140.0653,40.7668],[139.9974,40.7429],[139.9362,40.6545],[139.861,40.616],[139.8686,40.5844],[139.9184,40.5858],[139.9402,40.5527],[139.9389,40.4288],[140.0216,40.4295],[140.0202,40.4466],[140.0592,40.4672],[140.1076,40.4359],[140.3352,40.4394],[140.387,40.4871],[140.4271,40.4826],[140.4438,40.4506],[140.5279,40.4313],[140.5591,40.3971],[140.5576,40.4257],[140.5887,40.4302],[140.6452,40.4031],[140.6875,40.427],[140.7336,40.4158],[140.7341,40.4397],[140.8077,40.4578],[140.8106,40.4871],[140.8801,40.5103],[140.8613,40.4406],[140.8923,40.4234],[140.9722,40.4309],[140.995,40.3702],[140.944,40.2963],[140.9457,40.2581],[140.9801,40.2196],[141.0224,40.2203],[141.1101,40.2611],[141.0998,40.2802],[141.1977,40.3077],[141.2989,40.3658],[141.3244,40.3699],[141.351,40.3311],[141.4416,40.376],[141.539,40.348],[141.5813,40.3738],[141.5951,40.4121],[141.67,40.4372],[141.6826,40.4503]]]}},{"type":"Feature","properties":{"id":3,"name_ja":"岩手県"},"geometry":{"type":"Polygon","coordinates":[[[140.9551,40.2476],[140.8593,40.1716],[140.8832,40.1536],[140.8672,40.1306],[140.8773,40.0981],[140.8445,40.0746],[140.8479,39.9593],[140.8779,39.8743],[140.8285,39.8848],[140.7822,39.8679],[140.7868,39.8234],[140.8483,39.7933],[140.7808,39.738],[140.8226,39.6879],[140.8202,39.6528],[140.805,39.6128],[140.7304,39.5658],[140.7366,39.5214],[140.6532,39.3908],[140.679,39.3832],[140.7032,39.3436],[140.6936,39.2996],[140.7887,39.2384],[140.7649,39.1978],[140.8079,39.1784],[140.7497,39.1404],[140.77,39.1242],[140.7529,39.086],[140.8,39.0765],[140.8052,39.052],[140.7644,39.0004],[140.7736,38.9581],[140.8241,38.9641],[140.9615,38.9057],[140.9843,38.8762],[141.1395,38.8775],[141.1468,38.8563],[141.1028,38.8306],[141.2158,38.7485],[141.2573,38.7624],[141.2691,38.7935],[141.3046,38.7935],[141.3168,38.8233],[141.4315,38.7833],[141.4639,38.853],[141.4507,38.8751],[141.4891,38.907],[141.4924,38.999],[141.6317,38.9707],[141.6221,38.9939],[141.6701,39.0051],[141.6661,38.9818],[141.6971,38.9415],[141.723,38.9634],[141.6962,38.9707],[141.7441,38.9963],[141.71,39.0234],[141.7249,39.0407],[141.7495,39.0198],[141.853,39.0291],[141.8154,39.0592],[141.866,39.0705],[141.8253,39.0746],[141.8095,39.1022],[141.8208,39.1138],[141.8789,39.0903],[141.9183,39.1055],[141.837,39.1445],[141.9215,39.1774],[141.8692,39.1966],[141.9493,39.2277],[141.8989,39.2582],[141.9277,39.267],[141.9035,39.3088],[141.9702,39.313],[141.9826,39.339],[141.905,39.3259],[141.8977,39.3383],[141.9574,39.356],[141.9647,39.3785],[141.938,39.3848],[141.9744,39.4223],[141.9825,39.4086],[142.044,39.4274],[142.06,39.4694],[142.0485,39.4822],[141.9796,39.439],[141.956,39.4752],[142.0124,39.4798],[142.0334,39.5294],[142.0719,39.5452],[142.0576,39.5743],[142.0337,39.5739],[142.0163,39.6541],[141.9578,39.5858],[141.9453,39.5986],[141.9809,39.6449],[141.972,39.7008],[141.9974,39.773],[141.9709,39.8849],[141.9397,39.9196],[141.9601,39.9472],[141.9559,39.9836],[141.8332,40.0748],[141.8289,40.1133],[141.8759,40.1435],[141.8037,40.183],[141.8075,40.2154],[141.8308,40.2209],[141.8161,40.2718],[141.6826,40.4503],[141.5951,40.4121],[141.5813,40.3738],[141.539,40.348],[141.4416,40.376],[141.351,40.3311],[141.3244,40.3699],[141.2989,40.3658],[141.1977,40.3077],[141.0998,40.2802],[141.1101,40.2611],[141.0224,40.2203],[140.9801,40.2196],[140.9551,40.2476]]]}},{"type":"Feature","properties":{"id":4,"name_ja":"宮城県"},"geometry":{"type":"MultiPolygon","coordinates":[[[[140.7736,38.9581],[140.645,38.8886],[140.5622,38.8732],[140.5469,38.8889],[140.5388,38.8714],[140.5907,38.836],[140.6035,38.7837],[140.6364,38.7622],[140.607,38.7213],[140.6244,38.6877],[140.602,38.6406],[140.5441,38.6481],[140.5376,38.6338],[140.5786,38.5681],[140.5541,38.5408],[140.5635,38.5106],[140.5976,38.4874],[140.6096,38.4464],[140.5806,38.4374],[140.5632,38.3772],[140.5217,38.3497],[140.5307,38.3252],[140.473,38.2718],[140.4802,38.1821],[140.431,38.1269],[140.4177,38.0803],[140.375,38.0574],[140.2891,38.0593],[140.2766,38.0286],[140.28,37.9766],[140.3486,37.9502],[140.3856,37.9537],[140.3986,37.9744],[140.4615,37.9526],[140.4879,37.8999],[140.6186,37.9125],[140.6885,37.8891],[140.6795,37.8369],[140.6944,37.8033],[140.7752,37.7818],[140.775,37.8063],[140.8579,37.8029],[140.8563,37.8909],[140.931,37.8962],[140.9154,37.9628],[140.9305,38.0996],[140.9677,38.191],[141.0296,38.2756],[141.0847,38.2929],[141.0764,38.3196],[141.0413,38.3113],[141.062,38.3694],[141.1149,38.382],[141.1586,38.3597],[141.2303,38.401],[141.3566,38.4142],[141.3666,38.3861],[141.4024,38.3993],[141.4374,38.3821],[141.4245,38.3465],[141.4651,38.3412],[141.4741,38.3293],[141.4512,38.3175],[141.5238,38.2786],[141.5344,38.3394],[141.4846,38.38],[141.5387,38.4008],[141.5139,38.3929],[141.4745,38.4134],[141.4661,38.441],[141.5017,38.4436],[141.4941,38.5115],[141.5305,38.4888],[141.5463,38.5237],[141.5338,38.5405],[141.4858,38.5408],[141.4586,38.5785],[141.525,38.6109],[141.5285,38.6375],[141.4429,38.6437],[141.5281,38.717],[141.5577,38.7058],[141.5658,38.7372],[141.5374,38.7398],[141.5129,38.7688],[141.5968,38.8294],[141.5835,38.8483],[141.5937,38.8898],[141.6302,38.8961],[141.6475,38.88],[141.6671,38.8929],[141.6317,38.9707],[141.4924,38.999],[141.4891,38.907],[141.4507,38.8751],[141.4639,38.853],[141.4315,38.7833],[141.3168,38.8233],[141.3046,38.7935],[141.2691,38.7935],[141.2573,38.7624],[141.2158,38.7485],[141.1028,38.8306],[141.1468,38.8563],[141.1395,38.8775],[140.9843,38.8762],[140.9615,38.9057],[140.794,38.964],[140.7736,38.9581]]],[[[141.4703,38.2836],[141.4595,38.2745],[141.4757,38.2526],[141.4938,38.2565],[141.4795,38.2794],[141.4703,38.2836]]],[[[141.5852,38.2764],[141.5888,38.2987],[141.5479,38.3024],[141.5744,38.2695],[141.5852,38.2764]]],[[[141.518,38.4656],[141.5186,38.4429],[141.5344,38.4442],[141.518,38.4656]]],[[[141.6243,38.8854],[141.6021,38.8739],[141.6214,38.8357],[141.633,38.8655],[141.6243,38.8854]]],[[[141.1503,38.3567],[141.1315,38.3387],[141.1561,38.3222],[141.1676,38.3424],[141.1503,38.3567]]]]}},{"type":"Feature","properties":{"id":5,"name_ja":"秋田県"},"geometry":{"type":"Polygon","coordinates":[[[139.9389,40.4288],[140.0134,40.3717],[140.0261,40.3387],[139.9922,40.1758],[139.949,40.0787],[139.8452,39.9709],[139.7977,39.9568],[139.7235,39.9816],[139.7018,40.0068],[139.6932,39.9956],[139.7469,39.8655],[139.8212,39.8587],[139.8661,39.8976],[139.9249,39.8995],[139.9932,39.8602],[140.0493,39.7741],[140.0611,39.6107],[140.0215,39.4056],[139.966,39.2951],[139.9191,39.2792],[139.8925,39.2044],[139.905,39.1815],[139.8696,39.1183],[139.9945,39.1055],[140.0624,39.1335],[140.0735,39.0869],[140.1508,39.0492],[140.2012,39.0597],[140.2006,39.0357],[140.2275,39.0271],[140.3614,39.0244],[140.3746,38.9957],[140.4319,38.9919],[140.4617,38.9204],[140.5052,38.8949],[140.5355,38.9007],[140.5622,38.8732],[140.6711,38.8971],[140.7321,38.9493],[140.7736,38.9581],[140.7644,39.0004],[140.8052,39.052],[140.8,39.0765],[140.7529,39.086],[140.77,39.1242],[140.7497,39.1404],[140.8079,39.1784],[140.7649,39.1978],[140.7887,39.2384],[140.6936,39.2996],[140.7032,39.3436],[140.679,39.3832],[140.6532,39.3908],[140.7366,39.5214],[140.7304,39.5658],[140.805,39.6128],[140.8202,39.6528],[140.8226,39.6879],[140.7808,39.738],[140.8483,39.7933],[140.7868,39.8234],[140.7822,39.8679],[140.8285,39.8848],[140.8779,39.8743],[140.8479,39.9593],[140.8445,40.0746],[140.8773,40.0981],[140.8672,40.1306],[140.8832,40.1536],[140.8593,40.1716],[140.9551,40.2476],[140.944,40.2963],[140.9952,40.3552],[140.9722,40.4309],[140.8923,40.4234],[140.8613,40.4406],[140.8801,40.5103],[140.8106,40.4871],[140.8077,40.4578],[140.7341,40.4397],[140.7336,40.4158],[140.6875,40.427],[140.6452,40.4031],[140.5887,40.4302],[140.5576,40.4257],[140.5591,40.3971],[140.5279,40.4313],[140.4438,40.4506],[140.4271,40.4826],[140.387,40.4871],[140.3352,40.4394],[140.1076,40.4359],[140.0592,40.4672],[140.0202,40.4466],[140.0216,40.4295],[139.9598,40.4348],[139.9389,40.4288]]]}},{"type":"Feature","properties":{"id":6,"name_ja":"山形県"},"geometry":{"type":"Polygon","coordinates":[[[140.5469,38.8889],[140.4617,38.9204],[140.4319,38.9919],[140.3746,38.9957],[140.3614,39.0244],[140.2275,39.0271],[140.2006,39.0357],[140.2012,39.0597],[140.1508,39.0492],[140.0735,39.0869],[140.0624,39.1335],[139.9945,39.1055],[139.8696,39.1183],[139.8671,39.0521],[139.7464,38.7752],[139.6271,38.6875],[139.5458,38.5625],[139.5955,38.5268],[139.7207,38.4964],[139.7048,38.3936],[139.7523,38.359],[139.8165,38.356],[139.8989,38.2932],[139.8602,38.2311],[139.7812,38.1942],[139.6984,38.1951],[139.6723,38.0769],[139.6927,38.057],[139.6576,38.0374],[139.625,37.9184],[139.6385,37.88],[139.6808,37.847],[139.7156,37.8542],[139.7413,37.8203],[139.7824,37.832],[139.8041,37.8063],[139.856,37.8259],[139.9255,37.8142],[139.9326,37.8294],[139.9865,37.7604],[140.0485,37.7791],[140.1023,37.7376],[140.1616,37.7567],[140.2373,37.7465],[140.2763,37.7818],[140.2988,37.8078],[140.2621,37.8344],[140.2891,38.0593],[140.375,38.0574],[140.4177,38.0803],[140.431,38.1269],[140.4802,38.1821],[140.473,38.2718],[140.5307,38.3252],[140.5217,38.3497],[140.5632,38.3772],[140.5806,38.4374],[140.6096,38.4464],[140.5976,38.4874],[140.5635,38.5106],[140.5541,38.5408],[140.5786,38.5681],[140.5376,38.6338],[140.5441,38.6481],[140.602,38.6406],[140.6244,38.6877],[140.607,38.7213],[140.6364,38.7622],[140.6035,38.7837],[140.5907,38.836],[140.5388,38.8714],[140.5469,38.8889]]]}},{"type":"Feature","properties":{"id":7,"name_ja":"福島県"},"geometry":{"type":"Polygon","coordinates":[[[140.28,37.9766],[140.2621,37.8344],[140.2988,37.8078],[140.2373,37.7465],[140.1616,37.7567],[140.1023,37.7376],[140.0485,37.7791],[139.9865,37.7604],[139.9326,37.8294],[139.9255,37.8142],[139.856,37.8259],[139.8041,37.8063],[139.7824,37.832],[139.7413,37.8203],[139.7062,37.8559],[139.6808,37.847],[139.7107,37.8544],[139.7415,37.8177],[139.6579,37.755],[139.6283,37.692],[139.5493,37.6491],[139.5851,37.5129],[139.4284,37.5142],[139.3975,37.4598],[139.223,37.4486],[139.1987,37.413],[139.2317,37.3874],[139.2336,37.3436],[139.1659,37.2322],[139.1948,37.204],[139.2179,37.2095],[139.253,37.1613],[139.2354,37.1139],[139.2596,37.0433],[139.2406,36.9295],[139.2682,36.9386],[139.3933,36.9108],[139.4269,36.9242],[139.4599,36.9697],[139.5327,36.9818],[139.711,37.0684],[139.8197,37.088],[139.8318,37.1336],[139.9546,37.1549],[140.137,37.1065],[140.1931,37.0655],[140.1993,37.0284],[140.2489,37.0259],[140.243,36.9435],[140.3027,36.927],[140.3241,36.8933],[140.3652,36.8843],[140.3772,36.8379],[140.4395,36.8205],[140.4665,36.7918],[140.538,36.8588],[140.5933,36.8798],[140.5657,36.9164],[140.5747,36.9421],[140.6147,36.9045],[140.791,36.8586],[140.8266,36.9127],[140.967,36.9704],[141.0369,37.3636],[141.042,37.4832],[140.9864,37.8237],[140.9597,37.8329],[140.931,37.8962],[140.8981,37.903],[140.8563,37.8909],[140.8517,37.7953],[140.775,37.8063],[140.7752,37.7818],[140.738,37.7872],[140.6944,37.8033],[140.6795,37.8369],[140.6885,37.8891],[140.6186,37.9125],[140.4879,37.8999],[140.4615,37.9526],[140.3986,37.9744],[140.3856,37.9537],[140.3486,37.9502],[140.3023,37.9691],[140.28,37.9766]]]}},{"type":"Feature","properties":{"id":8,"name_ja":"茨城県"},"geometry":{"type":"Polygon","coordinates":[[[140.2643,36.9333],[140.2487,36.9089],[140.2657,36.829],[140.2538,36.7837],[140.2877,36.7254],[140.2823,36.7081],[140.2204,36.6872],[140.2409,36.6509],[140.2546,36.5224],[140.2029,36.4544],[140.2033,36.4207],[140.1852,36.3983],[140.1141,36.4108],[140.1112,36.3981],[140.0665,36.4038],[140.0482,36.3756],[139.9746,36.3745],[139.9645,36.3509],[139.913,36.335],[139.9108,36.3012],[139.85,36.3118],[139.8216,36.2397],[139.6879,36.1997],[139.7283,36.0901],[139.7658,36.0804],[139.7868,36.1041],[139.8842,35.9888],[139.9323,35.9695],[139.9386,35.9406],[140.0743,35.8766],[140.1271,35.8709],[140.1567,35.8427],[140.2812,35.8741],[140.3231,35.8661],[140.3637,35.8994],[140.4584,35.9265],[140.4845,35.9097],[140.5112,35.9587],[140.608,35.8958],[140.6307,35.8591],[140.7066,35.8363],[140.7417,35.7852],[140.846,35.7399],[140.6581,35.9925],[140.5837,36.146],[140.5582,36.2731],[140.6269,36.381],[140.611,36.475],[140.7161,36.6626],[140.7465,36.7804],[140.8023,36.8395],[140.7772,36.8674],[140.6147,36.9045],[140.5861,36.9453],[140.5657,36.9164],[140.5933,36.8798],[140.538,36.8588],[140.4665,36.7918],[140.4395,36.8205],[140.3772,36.8379],[140.3652,36.8843],[140.3241,36.8933],[140.2836,36.9353],[140.2643,36.9333]]]}},{"type":"Feature","properties":{"id":9,"name_ja":"栃木県"},"geometry":{"type":"Polygon","coordinates":[[[139.3933,36.9108],[139.3526,36.8491],[139.4067,36.8269],[139.3508,36.7635],[139.3703,36.745],[139.3267,36.6571],[139.3296,36.6276],[139.3523,36.6151],[139.4654,36.6065],[139.483,36.5833],[139.4393,36.551],[139.4217,36.5087],[139.4365,36.466],[139.361,36.3837],[139.4228,36.3323],[139.4267,36.304],[139.4826,36.272],[139.5256,36.2847],[139.5613,36.2671],[139.6339,36.2702],[139.6644,36.2071],[139.6879,36.1997],[139.8216,36.2397],[139.85,36.3118],[139.9108,36.3012],[139.913,36.335],[139.9645,36.3509],[139.9746,36.3745],[140.0482,36.3756],[140.0665,36.4038],[140.1112,36.3981],[140.1141,36.4108],[140.1852,36.3983],[140.2033,36.4207],[140.2029,36.4544],[140.2546,36.5224],[140.2409,36.6509],[140.2204,36.6872],[140.2823,36.7081],[140.2877,36.7254],[140.2538,36.7837],[140.2657,36.829],[140.2487,36.9089],[140.2643,36.9333],[140.243,36.9435],[140.2489,37.0259],[140.1993,37.0284],[140.1931,37.0655],[140.137,37.1065],[140.0245,37.143],[139.8946,37.1533],[139.8318,37.1336],[139.8197,37.088],[139.6767,37.0567],[139.5327,36.9818],[139.4599,36.9697],[139.4269,36.9242],[139.4122,36.9276],[139.3933,36.9108]]]}},{"type":"Feature","properties":{"id":10,"name_ja":"群馬県"},"geometry":{"type":"Polygon","coordinates":[[[139.2319,36.9405],[139.2287,36.9612],[139.1865,36.9599],[139.171,37.002],[139.097,37.0586],[139.0912,37.02],[139.0303,36.9837],[138.9699,36.9814],[138.9792,36.8912],[138.9324,36.8936],[138.9172,36.8704],[138.9291,36.8326],[138.8217,36.8176],[138.8269,36.7723],[138.7894,36.7449],[138.727,36.7642],[138.7131,36.7392],[138.5436,36.7038],[138.52,36.6923],[138.5251,36.6513],[138.4731,36.6441],[138.4288,36.5979],[138.3971,36.4906],[138.4015,36.434],[138.489,36.4009],[138.5902,36.4239],[138.6484,36.4075],[138.6512,36.2991],[138.6125,36.2857],[138.6022,36.2495],[138.6371,36.1749],[138.5933,36.1531],[138.6464,36.1096],[138.6315,36.0283],[138.6887,35.9918],[138.7126,35.9853],[138.7544,36.0345],[138.8284,36.0373],[138.846,36.0666],[138.9311,36.0881],[138.9596,36.124],[139.0424,36.1285],[139.0633,36.1957],[139.1297,36.2834],[139.2375,36.2462],[139.3152,36.2366],[139.3582,36.2533],[139.4544,36.1914],[139.5944,36.2089],[139.6186,36.1898],[139.6696,36.2151],[139.6339,36.2702],[139.5613,36.2671],[139.5256,36.2847],[139.4826,36.272],[139.3664,36.3705],[139.3769,36.411],[139.4365,36.466],[139.4179,36.4946],[139.4393,36.551],[139.483,36.5833],[139.4654,36.6065],[139.3987,36.6022],[139.3296,36.6276],[139.3369,36.6921],[139.3703,36.745],[139.3508,36.7635],[139.4067,36.8269],[139.3526,36.8491],[139.3933,36.9108],[139.2682,36.9386],[139.2406,36.9295],[139.2319,36.9405]]]}},{"type":"Feature","properties":{"id":11,"name_ja":"埼玉県"},"geometry":{"type":"Polygon","coordinates":[[[139.6879,36.1997],[139.6186,36.1898],[139.5944,36.2089],[139.4544,36.1914],[139.3582,36.2533],[139.3152,36.2366],[139.2375,36.2462],[139.1297,36.2834],[139.0633,36.1957],[139.0424,36.1285],[138.9596,36.124],[138.9311,36.0881],[138.846,36.0666],[138.8284,36.0373],[138.7544,36.0345],[138.7115,35.9713],[138.7393,35.9391],[138.729,35.9092],[138.892,35.8399],[139.0236,35.8974],[139.1924,35.8403],[139.3012,35.835],[139.3802,35.7664],[139.5376,35.7908],[139.5472,35.7534],[139.5888,35.7785],[139.623,35.7669],[139.6534,35.8002],[139.755,35.7869],[139.7508,35.8102],[139.7718,35.8169],[139.8938,35.7828],[139.9003,35.8642],[139.8143,35.9971],[139.8154,36.0368],[139.7762,36.0908],[139.7283,36.0901],[139.6961,36.1564],[139.6879,36.1997]]]}},{"type":"Feature","properties":{"id":12,"name_ja":"千葉県"},"geometry":{"type":"MultiPolygon","coordinates":[[[[140.0832,35.5882],[140.0861,35.5695],[140.1117,35.5704],[140.103,35.5874],[140.0832,35.5882]]],[[[139.7762,36.0908],[139.9003,35.8642],[139.8795,35.7675],[139.9187,35.6977],[139.888,35.68],[139.8726,35.6255],[139.8976,35.6166],[139.9395,35.6405],[139.9183,35.6555],[139.9304,35.6665],[139.9828,35.6816],[139.9859,35.6638],[140.1106,35.5895],[140.1161,35.5692],[140.087,35.5401],[140.0613,35.5437],[140.0065,35.4793],[139.897,35.4232],[139.9178,35.3857],[139.8827,35.3613],[139.8459,35.3754],[139.823,35.3445],[139.8123,35.3062],[139.8528,35.2844],[139.8707,35.2307],[139.8171,35.1857],[139.8425,35.0864],[139.8216,35.0724],[139.8231,35.0376],[139.8492,35.0254],[139.8555,34.9904],[139.7534,34.9654],[139.8159,34.941],[139.8245,34.9113],[139.8735,34.9029],[139.9419,34.9175],[139.9803,35.0101],[140.0753,35.0575],[140.1344,35.1217],[140.2325,35.1151],[140.2972,35.1505],[140.3252,35.1397],[140.3493,35.1801],[140.3745,35.1797],[140.4145,35.3043],[140.395,35.3354],[140.3942,35.4087],[140.4305,35.4981],[140.4955,35.5762],[140.6442,35.6833],[140.831,35.7136],[140.863,35.6982],[140.8675,35.7275],[140.7417,35.7852],[140.7066,35.8363],[140.6307,35.8591],[140.608,35.8958],[140.5112,35.9587],[140.4845,35.9097],[140.4584,35.9265],[140.3637,35.8994],[140.3231,35.8661],[140.2812,35.8741],[140.1465,35.8457],[140.1271,35.8709],[140.0743,35.8766],[139.9386,35.9406],[139.9323,35.9695],[139.8842,35.9888],[139.7868,36.1041],[139.7762,36.0908]]]]}},{"type":"Feature","properties":{"id":13,"name_ja":"東京都"},"geometry":{"type":"MultiPolygon","coordinates":[[[[138.9439,35.8548],[139.0225,35.722],[139.1616,35.6679],[139.1792,35.6456],[139.2157,35.6456],[139.2522,35.6017],[139.2829,35.6133],[139.3728,35.595],[139.4677,35.5024],[139.4865,35.5203],[139.4797,35.5594],[139.5055,35.5748],[139.4638,35.6092],[139.5254,35.6427],[139.6693,35.5847],[139.7035,35.5366],[139.7949,35.5321],[139.8092,35.5391],[139.7854,35.5706],[139.7586,35.5644],[139.7465,35.5902],[139.7526,35.6344],[139.8741,35.64],[139.888,35.68],[139.9187,35.6977],[139.8795,35.7675],[139.8938,35.7828],[139.7718,35.8169],[139.7508,35.8102],[139.755,35.7869],[139.6534,35.8002],[139.623,35.7669],[139.5888,35.7785],[139.5472,35.7534],[139.5376,35.7908],[139.3802,35.7664],[139.3012,35.835],[139.1924,35.8403],[139.0236,35.8974],[138.9544,35.8742],[138.9439,35.8548]]],[[[139.7687,35.6264],[139.7867,35.6018],[139.7772,35.6314],[139.7687,35.6264]]],[[[139.807,35.5977],[139.7945,35.5922],[139.8134,35.5787],[139.8322,35.5889],[139.8203,35.6074],[139.807,35.5977]]],[[[139.7495,35.5889],[139.783,35.5771],[139.7635,35.6087],[139.7495,35.5889]]],[[[139.3611,34.7991],[139.3592,34.702],[139.4387,34.6787],[139.4332,34.7724],[139.3842,34.79],[139.3611,34.7991]]],[[[142.126,26.7143],[142.154,26.6373],[142.1727,26.6361],[142.1649,26.6869],[142.1458,26.6934],[142.1598,26.7012],[142.126,26.7143]]],[[[141.4621,24.2451],[141.4533,24.2292],[141.4688,24.2272],[141.4621,24.2451]]],[[[141.3235,24.8126],[141.2874,24.79],[141.2947,24.7526],[141.3363,24.7707],[141.341,24.7996],[141.3235,24.8126]]],[[[141.2841,25.4488],[141.2761,25.4194],[141.2933,25.4257],[141.2841,25.4488]]],[[[142.1933,27.1058],[142.2058,27.0749],[142.1889,27.0486],[142.2081,27.0404],[142.2319,27.0568],[142.2177,27.1001],[142.1933,27.1058]]],[[[142.1917,27.1442],[142.22,27.1089],[142.2266,27.1241],[142.205,27.1289],[142.1917,27.1442]]],[[[142.1892,27.19],[142.1833,27.1661],[142.1963,27.1546],[142.2022,27.1691],[142.1892,27.19]]],[[[140.875,27.254],[140.8693,27.243],[140.89,27.2457],[140.875,27.254]]],[[[139.5324,34.1246],[139.4928,34.1196],[139.474,34.0784],[139.4824,34.0515],[139.5286,34.0468],[139.5627,34.0687],[139.559,34.1109],[139.5324,34.1246]]],[[[139.6036,33.9011],[139.5783,33.8828],[139.5795,33.8596],[139.6208,33.8523],[139.6185,33.8924],[139.6036,33.9011]]],[[[139.2757,34.5323],[139.2681,34.5175],[139.2931,34.5246],[139.2757,34.5323]]],[[[139.2129,34.3369],[139.2028,34.321],[139.2267,34.3277],[139.2129,34.3369]]],[[[139.2793,34.4314],[139.242,34.3639],[139.2719,34.3309],[139.2885,34.4269],[139.2793,34.4314]]],[[[140.304,30.4958],[140.2865,30.4833],[140.3143,30.4872],[140.304,30.4958]]],[[[139.1433,34.2437],[139.1304,34.1847],[139.1747,34.2066],[139.1704,34.2311],[139.1433,34.2437]]],[[[139.6859,33.1366],[139.6838,33.1186],[139.699,33.1246],[139.6859,33.1366]]],[[[139.76,33.159],[139.7398,33.1314],[139.7803,33.0756],[139.82,33.0579],[139.8575,33.0789],[139.8449,33.1163],[139.776,33.1563],[139.76,33.159]]],[[[139.7584,32.4735],[139.7546,32.4513],[139.7808,32.4572],[139.7584,32.4735]]]]}},{"type":"Feature","properties":{"id":14,"name_ja":"神奈川県"},"geometry":{"type":"MultiPolygon","coordinates":[[[[139.7253,35.4698],[139.7418,35.477],[139.7341,35.4946],[139.7022,35.4805],[139.7127,35.4643],[139.7253,35.4698]]],[[[139.1313,35.672],[139.1139,35.5385],[138.9274,35.4376],[138.9164,35.4006],[139.0018,35.3989],[139.0185,35.3299],[138.9755,35.2638],[138.9877,35.2008],[139.0396,35.1507],[139.1114,35.1414],[139.1436,35.1519],[139.1482,35.2387],[139.2079,35.2773],[139.3383,35.3136],[139.438,35.3192],[139.5711,35.2932],[139.5808,35.2537],[139.6267,35.2168],[139.6058,35.1941],[139.615,35.1391],[139.6691,35.142],[139.6794,35.1567],[139.655,35.1808],[139.725,35.2119],[139.7396,35.2614],[139.691,35.2665],[139.6424,35.2992],[139.6607,35.3282],[139.6298,35.3296],[139.657,35.3419],[139.6365,35.3903],[139.6526,35.413],[139.6695,35.4029],[139.6906,35.4392],[139.6381,35.4574],[139.6447,35.476],[139.7488,35.5068],[139.761,35.5303],[139.7701,35.5139],[139.7876,35.5245],[139.7565,35.5446],[139.7035,35.5366],[139.6693,35.5847],[139.5254,35.6427],[139.4638,35.6092],[139.5055,35.5748],[139.4797,35.5594],[139.4865,35.5203],[139.4677,35.5024],[139.3728,35.595],[139.2829,35.6133],[139.2522,35.6017],[139.2157,35.6456],[139.1792,35.6456],[139.1616,35.6679],[139.1313,35.672]]],[[[139.6921,35.4101],[139.6712,35.4029],[139.6824,35.3932],[139.6921,35.4101]]],[[[139.7712,35.5062],[139.7363,35.4945],[139.7787,35.4996],[139.7712,35.5062]]]]}},{"type":"Feature","properties":{"id":15,"name_ja":"新潟県"},"geometry":{"type":"MultiPolygon","coordinates":[[[[139.5478,38.553],[139.455,38.3898],[139.4493,38.2341],[139.3866,38.1225],[139.246,38.0045],[139.0944,37.9585],[138.8354,37.8105],[138.7484,37.606],[138.6548,37.52],[138.5439,37.3687],[138.4371,37.3222],[138.2317,37.1742],[138.1516,37.1611],[138.1018,37.1741],[138.0487,37.1279],[137.9125,37.0609],[137.635,36.9798],[137.7112,36.9442],[137.732,36.8236],[137.7624,36.7662],[137.82,36.7982],[137.8779,36.8732],[137.8617,36.8908],[137.8747,36.9159],[138.0137,36.904],[138.0316,36.8781],[138.0035,36.8264],[138.0682,36.8038],[138.1151,36.8504],[138.1628,36.8443],[138.213,36.8683],[138.2876,36.8457],[138.2963,36.9108],[138.3432,36.9208],[138.3938,36.9951],[138.5247,37.0304],[138.5659,37.0213],[138.5962,36.9071],[138.6936,36.8524],[138.6807,36.8242],[138.6958,36.8091],[138.6695,36.7737],[138.6959,36.7385],[138.727,36.7642],[138.7894,36.7449],[138.8269,36.7723],[138.8217,36.8176],[138.9291,36.8326],[138.9172,36.8704],[138.9324,36.8936],[138.9792,36.8912],[138.9699,36.9814],[139.0303,36.9837],[139.0912,37.02],[139.097,37.0586],[139.171,37.002],[139.1865,36.9599],[139.2287,36.9612],[139.2319,36.9405],[139.2512,36.962],[139.2434,37.0151],[139.2596,37.0433],[139.2354,37.1139],[139.253,37.1613],[139.2179,37.2095],[139.1948,37.204],[139.1659,37.2322],[139.2336,37.3436],[139.2317,37.3874],[139.1987,37.413],[139.223,37.4486],[139.3975,37.4598],[139.4284,37.5142],[139.5851,37.5129],[139.5493,37.6491],[139.6283,37.692],[139.6579,37.755],[139.7415,37.8177],[139.7107,37.8544],[139.6808,37.847],[139.6571,37.8635],[139.625,37.9184],[139.6576,38.0374],[139.6927,38.057],[139.6723,38.0769],[139.6922,38.113],[139.6825,38.1696],[139.7132,38.2066],[139.7812,38.1942],[139.8602,38.2311],[139.8999,38.2758],[139.8748,38.3168],[139.8165,38.356],[139.7523,38.359],[139.7048,38.3936],[139.7207,38.4964],[139.5566,38.5452],[139.5478,38.553]]],[[[138.503,38.3322],[138.4531,38.3085],[138.4287,38.2543],[138.3262,38.194],[138.2441,38.0889],[138.2214,38.0145],[138.2346,37.9839],[138.2531,37.9643],[138.2742,38.0022],[138.3065,38.0053],[138.3437,37.9654],[138.2852,37.9202],[138.2899,37.8855],[138.2692,37.8478],[138.2167,37.8372],[138.2151,37.8105],[138.2497,37.8031],[138.3596,37.8305],[138.499,37.9247],[138.5726,38.0623],[138.5687,38.084],[138.4802,38.0623],[138.4365,38.0821],[138.4352,38.1148],[138.4911,38.2022],[138.521,38.3223],[138.503,38.3322]]],[[[139.2561,38.491],[139.2233,38.4586],[139.2265,38.4374],[139.2587,38.4825],[139.2561,38.491]]]]}},{"type":"Feature","properties":{"id":16,"name_ja":"富山県"},"geometry":{"type":"Polygon","coordinates":[[[137.635,36.9798],[137.4284,36.9265],[137.3928,36.8071],[137.3336,36.7627],[137.2951,36.757],[137.1558,36.7632],[137.0863,36.7835],[137.0066,36.8369],[136.9852,36.8692],[137.0326,36.9239],[137.027,36.9391],[137.0515,36.9593],[137.0377,36.9671],[136.9867,36.9672],[136.9738,36.9443],[136.954,36.956],[136.8956,36.9247],[136.8488,36.8129],[136.8511,36.7685],[136.7899,36.7175],[136.8226,36.6806],[136.7842,36.627],[136.8171,36.5528],[136.7951,36.5108],[136.7952,36.4434],[136.7782,36.4309],[136.806,36.3554],[136.7872,36.3483],[136.7923,36.2992],[136.8266,36.3026],[136.8373,36.3473],[136.9075,36.3608],[136.9549,36.3394],[136.9711,36.3155],[136.9582,36.2777],[136.9753,36.2744],[137.0523,36.3295],[137.0585,36.372],[137.0949,36.384],[137.1597,36.4564],[137.2132,36.438],[137.2476,36.462],[137.3168,36.461],[137.3195,36.4245],[137.3949,36.4556],[137.4102,36.4246],[137.5117,36.4235],[137.5595,36.3875],[137.6054,36.4025],[137.6551,36.4587],[137.6688,36.5095],[137.7055,36.5179],[137.6877,36.5621],[137.7531,36.5937],[137.7624,36.7662],[137.713,36.8938],[137.7205,36.9267],[137.6662,36.9537],[137.635,36.9798]]]}},{"type":"Feature","properties":{"id":17,"name_ja":"石川県"},"geometry":{"type":"MultiPolygon","coordinates":[[[[137.0515,36.9593],[137.042,37.1072],[136.9842,37.0482],[136.9283,37.0859],[136.8605,37.0755],[136.8676,37.111],[136.8925,37.1125],[136.9004,37.1371],[136.8749,37.1406],[136.8848,37.1648],[136.9234,37.2196],[136.9453,37.2273],[137.0059,37.1837],[137.0263,37.188],[137.0694,37.2181],[137.0989,37.279],[137.1528,37.3032],[137.247,37.3075],[137.264,37.3254],[137.2376,37.39],[137.2568,37.4314],[137.3605,37.4508],[137.3264,37.5295],[137.2753,37.5334],[137.1445,37.499],[136.9243,37.395],[136.8477,37.4017],[136.7565,37.3648],[136.7217,37.3204],[136.7339,37.2795],[136.6802,37.2072],[136.6695,37.1472],[136.7274,37.1352],[136.7218,37.0578],[136.7693,36.9991],[136.7526,36.8489],[136.6637,36.6924],[136.5851,36.5983],[136.4139,36.4172],[136.2996,36.3517],[136.2459,36.2939],[136.3324,36.2296],[136.3441,36.173],[136.4093,36.1722],[136.4404,36.1374],[136.4833,36.1569],[136.5518,36.1549],[136.6587,36.0695],[136.7543,36.0863],[136.7807,36.1414],[136.766,36.1609],[136.7984,36.1726],[136.8504,36.2519],[136.8146,36.2664],[136.7884,36.3123],[136.7872,36.3483],[136.806,36.3554],[136.7782,36.4309],[136.7952,36.4434],[136.7951,36.5108],[136.8171,36.5528],[136.7842,36.627],[136.8226,36.6806],[136.7899,36.7175],[136.8511,36.7685],[136.8488,36.8129],[136.8956,36.9247],[136.954,36.956],[136.9738,36.9443],[136.9867,36.9672],[137.0377,36.9671],[137.0515,36.9593]]],[[[137.0378,37.1681],[137.0081,37.1372],[136.9689,37.1546],[136.902,37.1414],[136.951,37.0971],[137.05,37.1231],[137.0534,37.1509],[137.0378,37.1681]]]]}},{"type":"Feature","properties":{"id":18,"name_ja":"福井県"},"geometry":{"type":"Polygon","coordinates":[[[136.2459,36.2939],[136.1719,36.2526],[136.1234,36.25],[136.132,36.2139],[135.9577,35.9818],[135.9967,35.9358],[135.9976,35.8845],[136.0998,35.7792],[136.0719,35.6607],[136.0483,35.6571],[136.0265,35.6791],[136.041,35.6986],[136.02,35.7637],[135.9544,35.7201],[135.9754,35.6983],[135.9743,35.6247],[135.8702,35.6083],[135.8277,35.6389],[135.8274,35.6082],[135.8535,35.6031],[135.8574,35.5818],[135.8397,35.5632],[135.8032,35.5684],[135.8337,35.5359],[135.7885,35.5314],[135.7358,35.5714],[135.6901,35.5488],[135.7168,35.5407],[135.7181,35.5197],[135.752,35.5321],[135.7375,35.4944],[135.6207,35.486],[135.6569,35.545],[135.5749,35.4934],[135.5361,35.4889],[135.5073,35.5057],[135.5183,35.5496],[135.4994,35.5475],[135.5026,35.5247],[135.4822,35.53],[135.4866,35.5579],[135.4605,35.5485],[135.4499,35.5208],[135.4763,35.4897],[135.4584,35.4689],[135.527,35.4184],[135.537,35.3767],[135.701,35.3437],[135.7688,35.356],[135.8075,35.3854],[135.8132,35.413],[135.8906,35.4032],[135.938,35.5112],[136.0067,35.4918],[136.0283,35.5291],[136.1056,35.5288],[136.1126,35.5734],[136.1703,35.5711],[136.1775,35.595],[136.1345,35.6698],[136.1504,35.6977],[136.1853,35.7037],[136.2807,35.6586],[136.327,35.7315],[136.3279,35.7751],[136.3767,35.7952],[136.5119,35.7586],[136.5252,35.788],[136.7893,35.7994],[136.8023,35.844],[136.8324,35.8574],[136.8137,35.9109],[136.7839,35.9278],[136.7891,35.9487],[136.7529,35.9565],[136.7497,35.9909],[136.7271,35.9956],[136.7354,36.0479],[136.7643,36.0677],[136.7543,36.0863],[136.6587,36.0695],[136.5518,36.1549],[136.4833,36.1569],[136.4404,36.1374],[136.4093,36.1722],[136.358,36.1651],[136.3324,36.2296],[136.2683,36.2693],[136.2459,36.2939]]]}},{"type":"Feature","properties":{"id":19,"name_ja":"山梨県"},"geometry":{"type":"Polygon","coordinates":[[[138.729,35.9092],[138.6858,35.8939],[138.676,35.8698],[138.6068,35.8785],[138.5924,35.9183],[138.5057,35.9189],[138.4717,35.8962],[138.4444,35.9177],[138.4432,35.9511],[138.3705,35.9714],[138.2836,35.8593],[138.2486,35.8859],[138.2326,35.8761],[138.1878,35.8],[138.2367,35.7577],[138.1809,35.7112],[138.1933,35.6723],[138.2323,35.6401],[138.269,35.5141],[138.2443,35.4541],[138.2581,35.4074],[138.232,35.3712],[138.2513,35.3635],[138.2579,35.3165],[138.2853,35.3043],[138.3245,35.3272],[138.3576,35.3178],[138.3987,35.2003],[138.4309,35.1804],[138.4915,35.1684],[138.5332,35.2009],[138.5121,35.3136],[138.5351,35.3306],[138.5318,35.4094],[138.5591,35.4342],[138.5977,35.4318],[138.6091,35.3932],[138.6634,35.3983],[138.6805,35.3577],[138.8735,35.3817],[138.9164,35.4006],[138.9545,35.4598],[139.0858,35.5121],[139.1284,35.5627],[139.1173,35.6549],[139.1313,35.672],[139.0225,35.722],[138.9439,35.8548],[138.892,35.8399],[138.7491,35.9016],[138.729,35.9092]]]}},{"type":"Feature","properties":{"id":20,"name_ja":"長野県"},"geometry":{"type":"Polygon","coordinates":[[[138.6959,36.7385],[138.6695,36.7737],[138.6958,36.8091],[138.6807,36.8242],[138.6936,36.8524],[138.5962,36.9071],[138.5659,37.0213],[138.5247,37.0304],[138.3938,36.9951],[138.3432,36.9208],[138.2963,36.9108],[138.2876,36.8457],[138.213,36.8683],[138.1628,36.8443],[138.1151,36.8504],[138.0682,36.8038],[138.0035,36.8264],[138.0316,36.8781],[138.0137,36.904],[137.8747,36.9159],[137.8617,36.8908],[137.8779,36.8732],[137.82,36.7982],[137.7624,36.7662],[137.7531,36.5937],[137.6877,36.5621],[137.7055,36.5179],[137.6688,36.5095],[137.6333,36.425],[137.5873,36.3898],[137.5871,36.372],[137.6192,36.3642],[137.6507,36.3274],[137.6478,36.2891],[137.573,36.2184],[137.5952,36.1904],[137.5912,36.1641],[137.5547,36.1377],[137.5509,36.1099],[137.6137,36.0596],[137.5903,36.0065],[137.5435,35.9829],[137.4762,35.894],[137.3808,35.8924],[137.326,35.8121],[137.4596,35.7614],[137.4972,35.6885],[137.5454,35.6511],[137.5138,35.608],[137.5654,35.585],[137.5745,35.5445],[137.6318,35.5092],[137.6296,35.4774],[137.5932,35.4469],[137.6337,35.399],[137.5907,35.3936],[137.6016,35.331],[137.5601,35.3096],[137.5484,35.2597],[137.5768,35.2025],[137.7037,35.2338],[137.7677,35.2069],[137.8726,35.2189],[137.8954,35.258],[137.9186,35.2544],[137.9293,35.2755],[138.0188,35.3011],[138.0613,35.3472],[138.0875,35.338],[138.1411,35.3695],[138.1526,35.398],[138.1193,35.446],[138.1569,35.46],[138.158,35.4943],[138.1402,35.4997],[138.1594,35.5449],[138.1461,35.557],[138.1621,35.5813],[138.1844,35.5731],[138.2186,35.6445],[138.1809,35.7112],[138.2367,35.7577],[138.1878,35.8],[138.2326,35.8761],[138.2486,35.8859],[138.2836,35.8593],[138.3705,35.9714],[138.4432,35.9511],[138.4444,35.9177],[138.4717,35.8962],[138.5057,35.9189],[138.5924,35.9183],[138.6068,35.8785],[138.676,35.8698],[138.6858,35.8939],[138.729,35.9092],[138.7393,35.9391],[138.7126,35.9853],[138.6315,36.0283],[138.6464,36.1096],[138.5933,36.1531],[138.6371,36.1749],[138.6022,36.2495],[138.6125,36.2857],[138.6512,36.2991],[138.6484,36.4075],[138.5902,36.4239],[138.5406,36.4029],[138.4597,36.4048],[138.457,36.4202],[138.4015,36.434],[138.3971,36.4906],[138.4288,36.5979],[138.4731,36.6441],[138.5251,36.6513],[138.52,36.6923],[138.6753,36.7309],[138.6959,36.7385]]]}},{"type":"Feature","properties":{"id":21,"name_ja":"岐阜県"},"geometry":{"type":"Polygon","coordinates":[[[136.7923,36.2992],[136.8504,36.2519],[136.7984,36.1726],[136.766,36.1609],[136.7807,36.1414],[136.7543,36.0863],[136.7643,36.0677],[136.7354,36.0479],[136.7271,35.9956],[136.7497,35.9909],[136.7529,35.9565],[136.7891,35.9487],[136.7839,35.9278],[136.8238,35.8928],[136.8324,35.8574],[136.8023,35.844],[136.7893,35.7994],[136.5252,35.788],[136.5119,35.7586],[136.3767,35.7952],[136.3279,35.7751],[136.327,35.7315],[136.2807,35.6586],[136.2886,35.6206],[136.3237,35.6165],[136.3221,35.5444],[136.3567,35.5399],[136.3736,35.5594],[136.4004,35.5301],[136.3878,35.4968],[136.4262,35.4482],[136.4118,35.4186],[136.4443,35.3894],[136.4119,35.3699],[136.4223,35.3484],[136.3797,35.2409],[136.4407,35.2167],[136.5335,35.2554],[136.6156,35.1499],[136.6556,35.1611],[136.6728,35.1348],[136.6779,35.2411],[136.7591,35.3572],[136.9215,35.379],[136.9857,35.4245],[137.0021,35.3815],[137.0499,35.3596],[137.0813,35.2922],[137.1655,35.2823],[137.2,35.2515],[137.3081,35.2897],[137.4249,35.2269],[137.5214,35.2843],[137.562,35.2893],[137.5601,35.3096],[137.6016,35.331],[137.5907,35.3936],[137.6337,35.399],[137.5932,35.4469],[137.6296,35.4774],[137.6318,35.5092],[137.5745,35.5445],[137.5654,35.585],[137.5138,35.608],[137.5454,35.6511],[137.4972,35.6885],[137.4596,35.7614],[137.326,35.8121],[137.3808,35.8924],[137.4762,35.894],[137.5435,35.9829],[137.5903,36.0065],[137.6137,36.0596],[137.5509,36.1099],[137.5547,36.1377],[137.5912,36.1641],[137.5952,36.1904],[137.573,36.2184],[137.6478,36.2891],[137.6507,36.3274],[137.6192,36.3642],[137.5871,36.372],[137.5873,36.3898],[137.54,36.3927],[137.5117,36.4235],[137.4102,36.4246],[137.3949,36.4556],[137.3195,36.4245],[137.3168,36.461],[137.2778,36.4648],[137.2132,36.438],[137.1597,36.4564],[137.0949,36.384],[137.0585,36.372],[137.0523,36.3295],[136.9753,36.2744],[136.9582,36.2777],[136.9711,36.3155],[136.9549,36.3394],[136.9075,36.3608],[136.8373,36.3473],[136.8266,36.3026],[136.7923,36.2992]]]}},{"type":"Feature","properties":{"id":22,"name_ja":"静岡県"},"geometry":{"type":"Polygon","coordinates":[[[138.9164,35.4006],[138.6805,35.3577],[138.6634,35.3983],[138.6091,35.3932],[138.5977,35.4318],[138.5591,35.4342],[138.5318,35.4094],[138.5351,35.3306],[138.5121,35.3136],[138.5332,35.2009],[138.4915,35.1684],[138.4309,35.1804],[138.3987,35.2003],[138.3576,35.3178],[138.3245,35.3272],[138.2853,35.3043],[138.2487,35.3316],[138.2513,35.3635],[138.232,35.3712],[138.2581,35.4074],[138.2443,35.4541],[138.269,35.5141],[138.2186,35.6445],[138.1844,35.5731],[138.1621,35.5813],[138.1461,35.557],[138.1594,35.5449],[138.1402,35.4997],[138.158,35.4943],[138.1569,35.46],[138.1193,35.446],[138.1526,35.398],[138.1411,35.3695],[138.0875,35.338],[138.0613,35.3472],[138.0188,35.3011],[137.9293,35.2755],[137.9186,35.2544],[137.8825,35.2481],[137.8726,35.2189],[137.8286,35.2116],[137.8013,35.1066],[137.7049,35.0148],[137.6961,34.9714],[137.6595,34.9446],[137.6413,34.8931],[137.587,34.85],[137.5239,34.841],[137.487,34.8118],[137.485,34.6741],[137.5714,34.6802],[137.7775,34.6476],[137.9519,34.6671],[138.2272,34.5951],[138.1954,34.6647],[138.2236,34.7224],[138.3042,34.7773],[138.3372,34.8284],[138.3275,34.8673],[138.3575,34.915],[138.5267,34.9949],[138.5335,35.013],[138.5025,35.0115],[138.5003,35.0297],[138.5588,35.1017],[138.7089,35.1367],[138.8081,35.1162],[138.8737,35.0693],[138.8924,35.0313],[138.8443,35.0144],[138.7835,35.0249],[138.7622,34.9724],[138.7893,34.9064],[138.7566,34.8854],[138.7724,34.8472],[138.7512,34.8207],[138.7769,34.7599],[138.7399,34.705],[138.7774,34.6756],[138.776,34.6412],[138.8434,34.6009],[138.9567,34.6765],[138.9771,34.6535],[138.9741,34.6953],[139.0046,34.7514],[139.0581,34.7855],[139.087,34.8583],[139.1321,34.8797],[139.1479,34.9359],[139.1469,34.9542],[139.0829,35.001],[139.1003,35.0447],[139.0694,35.0534],[139.0769,35.098],[139.1114,35.1414],[139.0396,35.1507],[138.9877,35.2008],[138.9755,35.2638],[139.0185,35.3299],[139.0018,35.3989],[138.9841,35.4018],[138.9164,35.4006]]]}},{"type":"Feature","properties":{"id":23,"name_ja":"愛知県"},"geometry":{"type":"MultiPolygon","coordinates":[[[[137.562,35.2893],[137.5214,35.2843],[137.4249,35.2269],[137.3081,35.2897],[137.2,35.2515],[137.1655,35.2823],[137.0813,35.2922],[137.0499,35.3596],[137.0021,35.3815],[136.9857,35.4245],[136.9644,35.4209],[136.9617,35.3998],[136.9215,35.379],[136.7591,35.3572],[136.6779,35.2411],[136.6728,35.1348],[136.7496,35.0807],[136.7706,35.0214],[136.7939,35.0145],[136.7969,35.0515],[136.8301,35.0503],[136.828,35.0826],[136.8555,35.0566],[136.8903,35.0899],[136.8206,34.9664],[136.8217,34.8842],[136.8666,34.838],[136.8421,34.7624],[136.8885,34.721],[136.9738,34.6994],[136.9644,34.7343],[136.9148,34.7701],[136.9304,34.8485],[136.9572,34.8811],[136.9567,34.8333],[137.0251,34.7779],[137.1869,34.7806],[137.1931,34.8049],[137.2229,34.8168],[137.3012,34.8101],[137.3203,34.7328],[137.2848,34.731],[137.2617,34.6988],[137.2327,34.6991],[137.2295,34.6791],[137.1194,34.6346],[137.0816,34.6618],[137.0596,34.6532],[137.0273,34.5905],[137.1429,34.5902],[137.485,34.6741],[137.4741,34.7499],[137.5,34.8313],[137.587,34.85],[137.6413,34.8931],[137.6595,34.9446],[137.6961,34.9714],[137.7049,35.0148],[137.8013,35.1066],[137.8255,35.1682],[137.8104,35.1748],[137.8381,35.2125],[137.7677,35.2069],[137.7037,35.2338],[137.5915,35.1993],[137.5484,35.2597],[137.562,35.2893]]],[[[136.8058,34.8776],[136.8065,34.8459],[136.8245,34.8487],[136.8154,34.8721],[136.8058,34.8776]]],[[[136.8309,35.0494],[136.81,35.0493],[136.8108,35.0266],[136.839,35.0302],[136.8309,35.0494]]]]}},{"type":"Feature","properties":{"id":24,"name_ja":"三重県"},"geometry":{"type":"MultiPolygon","coordinates":[[[[136.4151,35.2177],[136.4087,35.1872],[136.4546,35.1614],[136.4356,35.1307],[136.4416,35.0667],[136.4178,35.0495],[136.4159,34.9808],[136.3727,34.9423],[136.3661,34.905],[136.2507,34.8577],[136.1018,34.8961],[136.087,34.8764],[136.1264,34.862],[136.0876,34.8305],[136.0952,34.8191],[136.0223,34.7916],[136.0302,34.7559],[136.0711,34.7147],[136.0542,34.7062],[136.0857,34.6764],[136.0498,34.5803],[136.1186,34.5465],[136.1555,34.5597],[136.1674,34.5202],[136.2099,34.529],[136.229,34.4947],[136.2063,34.4487],[136.0887,34.4287],[136.0693,34.3893],[136.1295,34.3162],[136.0949,34.3015],[136.1318,34.2519],[136.0927,34.1904],[136.1147,34.1608],[136.0939,34.0666],[136.1045,34.027],[136.023,34.0365],[135.9972,33.9978],[136.0134,33.9742],[135.9972,33.9569],[135.9854,33.9686],[135.9698,33.93],[135.9295,33.9414],[135.8808,33.9094],[135.8976,33.8698],[135.8579,33.8732],[135.8559,33.8203],[135.9635,33.7243],[136.0183,33.7306],[136.046,33.8057],[136.1067,33.8901],[136.1361,33.888],[136.1547,33.9207],[136.198,33.9221],[136.1893,33.9339],[136.229,33.9486],[136.2249,33.9668],[136.2709,33.9713],[136.2809,34.0227],[136.2444,34.0385],[136.2416,34.0636],[136.2018,34.0721],[136.2481,34.103],[136.2737,34.0828],[136.2928,34.0967],[136.2776,34.1604],[136.339,34.2047],[136.3625,34.1924],[136.502,34.2318],[136.5057,34.2644],[136.5704,34.2889],[136.5859,34.2575],[136.6053,34.2586],[136.655,34.2871],[136.6815,34.3429],[136.7103,34.3306],[136.69,34.2876],[136.7185,34.3039],[136.7871,34.2892],[136.809,34.2978],[136.8025,34.3153],[136.8392,34.2914],[136.8296,34.271],[136.7656,34.2782],[136.7654,34.2607],[136.8405,34.2523],[136.8977,34.2765],[136.8789,34.3253],[136.9012,34.3555],[136.8616,34.3673],[136.909,34.3964],[136.915,34.4523],[136.8681,34.4558],[136.8666,34.4811],[136.5442,34.6219],[136.5493,34.6708],[136.5234,34.6851],[136.5313,34.7468],[136.6469,34.9042],[136.6458,34.9344],[136.6631,34.9454],[136.6455,34.9559],[136.6518,34.9933],[136.7498,35.0361],[136.7706,35.0214],[136.7496,35.0807],[136.6556,35.1611],[136.6156,35.1499],[136.5335,35.2554],[136.4407,35.2167],[136.4309,35.2294],[136.4151,35.2177]]],[[[136.673,34.9979],[136.6501,34.9774],[136.677,34.9875],[136.673,34.9979]]],[[[136.9041,34.5031],[136.8785,34.4944],[136.8956,34.4839],[136.9041,34.5031]]],[[[136.8986,34.5387],[136.8582,34.5059],[136.9037,34.5293],[136.8986,34.5387]]]]}},{"type":"Feature","properties":{"id":25,"name_ja":"滋賀県"},"geometry":{"type":"Polygon","coordinates":[[[135.7688,35.356],[135.8346,35.2741],[135.8608,35.283],[135.8309,35.2228],[135.8523,35.1343],[135.8349,35.0555],[135.8159,35.0474],[135.8754,34.9537],[135.8666,34.8921],[135.8997,34.8714],[135.936,34.8916],[135.9715,34.8385],[136.0053,34.8431],[136.0277,34.8218],[136.0103,34.7996],[136.0223,34.7916],[136.0952,34.8191],[136.0876,34.8305],[136.1264,34.862],[136.087,34.8764],[136.1018,34.8961],[136.2507,34.8577],[136.3661,34.905],[136.3727,34.9423],[136.4159,34.9808],[136.4178,35.0495],[136.4416,35.0667],[136.4356,35.1307],[136.4546,35.1614],[136.4087,35.1872],[136.4151,35.2177],[136.3797,35.2409],[136.4223,35.3484],[136.4119,35.3699],[136.4443,35.3894],[136.4118,35.4186],[136.4262,35.4482],[136.3878,35.4968],[136.4004,35.5301],[136.3736,35.5594],[136.3567,35.5399],[136.3221,35.5444],[136.3237,35.6165],[136.2886,35.6206],[136.2694,35.6687],[136.1853,35.7037],[136.1504,35.6977],[136.1345,35.6698],[136.1775,35.595],[136.1703,35.5711],[136.1126,35.5734],[136.1056,35.5288],[136.0283,35.5291],[136.0067,35.4918],[135.938,35.5112],[135.8906,35.4032],[135.8132,35.413],[135.8075,35.3854],[135.7791,35.3735],[135.7688,35.356]]]}},{"type":"Feature","properties":{"id":26,"name_ja":"京都府"},"geometry":{"type":"Polygon","coordinates":[[[135.4866,35.5579],[135.4501,35.5949],[135.3365,35.5377],[135.355,35.5024],[135.4005,35.4947],[135.3854,35.4787],[135.3496,35.4864],[135.3275,35.46],[135.3235,35.5257],[135.3106,35.5123],[135.2456,35.5353],[135.2425,35.5602],[135.2748,35.5602],[135.247,35.5817],[135.2076,35.5628],[135.2018,35.5376],[135.1875,35.5474],[135.2676,35.6668],[135.3087,35.6938],[135.2306,35.7726],[135.085,35.7394],[135.0593,35.7074],[134.9865,35.6921],[134.9234,35.6464],[134.8642,35.6518],[134.8627,35.5869],[134.9301,35.5117],[135.0355,35.5398],[135.043,35.52],[135.0487,35.4074],[134.9906,35.3857],[134.9323,35.406],[134.9213,35.3174],[135.0073,35.2856],[135.0679,35.2374],[135.1093,35.2663],[135.1573,35.2612],[135.1631,35.2201],[135.2001,35.1955],[135.1867,35.1902],[135.2066,35.1606],[135.2741,35.1772],[135.2922,35.1613],[135.2799,35.147],[135.3822,35.1298],[135.4007,35.0938],[135.3713,35.0453],[135.3816,35.0104],[135.4819,34.9952],[135.4904,34.9418],[135.5533,34.9156],[135.5813,34.9225],[135.5631,34.9537],[135.6133,34.9712],[135.6152,34.9276],[135.6485,34.926],[135.7466,34.8012],[135.7286,34.778],[135.7555,34.7275],[135.8902,34.7094],[135.9162,34.7537],[136.0268,34.7061],[136.0555,34.7386],[136.0103,34.7996],[136.0277,34.8218],[136.0053,34.8431],[135.9715,34.8385],[135.936,34.8916],[135.8997,34.8714],[135.8666,34.8921],[135.8754,34.9537],[135.8159,35.0474],[135.8349,35.0555],[135.8523,35.1343],[135.8309,35.2228],[135.8608,35.283],[135.8346,35.2741],[135.7688,35.356],[135.701,35.3437],[135.537,35.3767],[135.527,35.4184],[135.4584,35.4689],[135.4763,35.4897],[135.4499,35.5208],[135.4605,35.5485],[135.4866,35.5579]]]}},{"type":"Feature","properties":{"id":27,"name_ja":"大阪府"},"geometry":{"type":"MultiPolygon","coordinates":[[[[135.3796,34.6609],[135.3789,34.6432],[135.4045,34.6537],[135.3796,34.6609]]],[[[135.3713,35.0453],[135.3379,35.0427],[135.3547,35.0246],[135.3451,34.9669],[135.461,34.9263],[135.4191,34.9098],[135.4409,34.8905],[135.416,34.8177],[135.4594,34.752],[135.4458,34.7181],[135.4073,34.6971],[135.4482,34.6349],[135.4235,34.6049],[135.4294,34.5707],[135.4021,34.5997],[135.4105,34.5608],[135.4422,34.5478],[135.4189,34.5195],[135.3875,34.5144],[135.3783,34.5319],[135.3594,34.4598],[135.216,34.344],[135.1015,34.3193],[135.1103,34.2738],[135.1807,34.2799],[135.208,34.3082],[135.2542,34.3158],[135.2825,34.3179],[135.2916,34.2996],[135.3391,34.3294],[135.4343,34.3482],[135.4887,34.3564],[135.512,34.3383],[135.5771,34.3761],[135.6755,34.3995],[135.6653,34.4242],[135.6848,34.4836],[135.6558,34.5492],[135.6818,34.5848],[135.6523,34.604],[135.7066,34.7723],[135.7466,34.8012],[135.6485,34.926],[135.6152,34.9276],[135.6133,34.9712],[135.5631,34.9537],[135.5813,34.9225],[135.5533,34.9156],[135.4809,34.9503],[135.4819,34.9952],[135.3816,35.0104],[135.38,35.0391],[135.3713,35.0453]]],[[[135.4169,34.6446],[135.3985,34.6382],[135.4221,34.622],[135.4393,34.6412],[135.4169,34.6446]]],[[[135.4053,34.5472],[135.4177,34.5242],[135.4408,34.5493],[135.4202,34.538],[135.4053,34.5472]]],[[[135.2416,34.4373],[135.2416,34.4552],[135.2012,34.4281],[135.2277,34.4135],[135.2565,34.4338],[135.2416,34.4373]]]]}},{"type":"Feature","properties":{"id":28,"name_ja":"兵庫県"},"geometry":{"type":"MultiPolygon","coordinates":[[[[135.2814,34.6973],[135.2522,34.6933],[135.2545,34.6778],[135.2905,34.6817],[135.2814,34.6973]]],[[[134.8675,35.6582],[134.8424,35.6427],[134.7955,35.6697],[134.725,35.667],[134.6144,35.6405],[134.539,35.6702],[134.4531,35.629],[134.3699,35.6146],[134.4215,35.5629],[134.4131,35.5176],[134.4401,35.4428],[134.4799,35.425],[134.4714,35.38],[134.5135,35.3541],[134.5019,35.3265],[134.5152,35.2772],[134.4353,35.2292],[134.4028,35.241],[134.3825,35.2217],[134.383,35.1944],[134.4111,35.187],[134.407,35.1473],[134.3674,35.147],[134.3496,35.0902],[134.3191,35.0834],[134.3163,35.0432],[134.2644,35.0167],[134.2824,34.9966],[134.2537,34.9391],[134.295,34.9075],[134.254,34.857],[134.2663,34.8256],[134.3164,34.8026],[134.3217,34.722],[134.3397,34.7389],[134.4163,34.7313],[134.4331,34.7662],[134.4697,34.7843],[134.4706,34.7658],[134.523,34.7792],[134.5699,34.758],[134.6608,34.7838],[134.7463,34.7688],[134.8266,34.7064],[134.8436,34.7206],[134.9726,34.6438],[135.0456,34.6247],[135.1832,34.6495],[135.1903,34.6814],[135.288,34.704],[135.2943,34.7195],[135.339,34.7223],[135.3712,34.6808],[135.4458,34.7181],[135.4594,34.752],[135.416,34.8177],[135.4409,34.8905],[135.4191,34.9098],[135.461,34.9263],[135.3451,34.9669],[135.3547,35.0246],[135.3379,35.0427],[135.3713,35.0453],[135.3995,35.0761],[135.3822,35.1298],[135.2799,35.147],[135.2922,35.1613],[135.2741,35.1772],[135.2066,35.1606],[135.1867,35.1902],[135.2001,35.1955],[135.1631,35.2201],[135.1573,35.2612],[135.1093,35.2663],[135.0679,35.2374],[135.0073,35.2856],[134.9213,35.3174],[134.9323,35.406],[134.9906,35.3857],[135.0487,35.4074],[135.043,35.52],[135.0355,35.5398],[134.9301,35.5117],[134.8627,35.5869],[134.8642,35.6518],[134.8675,35.6582]]],[[[135.2366,34.6408],[135.2093,34.6301],[135.2387,34.6324],[135.2366,34.6408]]],[[[135.22,34.6828],[135.2024,34.6592],[135.2451,34.6508],[135.2319,34.6734],[135.22,34.6828]]],[[[134.4873,34.6716],[134.4603,34.6509],[134.5009,34.6455],[134.4873,34.6716]]],[[[134.5734,34.6767],[134.571,34.6524],[134.5904,34.6681],[134.5734,34.6767]]],[[[134.5356,34.6865],[134.5136,34.6707],[134.5419,34.6582],[134.5454,34.6741],[134.5356,34.6865]]],[[[134.8947,34.399],[135.0257,34.5766],[135.0022,34.6092],[134.8186,34.4683],[134.7309,34.3346],[134.674,34.3176],[134.6719,34.2499],[134.7102,34.2389],[134.6998,34.2222],[134.7341,34.1887],[134.9516,34.2665],[134.898,34.3691],[134.8947,34.399]]]]}},{"type":"Feature","properties":{"id":29,"name_ja":"奈良県"},"geometry":{"type":"Polygon","coordinates":[[[135.8748,33.8616],[135.8827,33.8789],[135.8587,33.9012],[135.9091,33.9185],[135.8938,33.9501],[135.9266,33.9815],[135.9846,33.9916],[136.023,34.0365],[136.1045,34.027],[136.0939,34.0666],[136.1147,34.1608],[136.0927,34.1904],[136.1318,34.2519],[136.0949,34.3015],[136.1295,34.3162],[136.0693,34.3893],[136.0887,34.4287],[136.2063,34.4487],[136.229,34.4947],[136.2099,34.529],[136.1674,34.5202],[136.1555,34.5597],[136.1186,34.5465],[136.0498,34.5803],[136.0857,34.6764],[136.0542,34.7062],[136.0711,34.7147],[136.0555,34.7386],[136.0268,34.7061],[135.9162,34.7537],[135.8902,34.7094],[135.8633,34.7062],[135.7555,34.7275],[135.7286,34.778],[135.7066,34.7723],[135.7017,34.7217],[135.6731,34.7018],[135.6523,34.604],[135.6818,34.5848],[135.6558,34.5492],[135.6848,34.4836],[135.6653,34.4242],[135.6755,34.3995],[135.6511,34.3832],[135.6828,34.2702],[135.7185,34.2633],[135.7275,34.2207],[135.7078,34.2082],[135.6481,34.219],[135.6219,34.1584],[135.5909,34.149],[135.5497,34.1006],[135.5482,34.0681],[135.5806,34.0562],[135.5957,34.0116],[135.6367,33.9899],[135.637,33.9506],[135.6181,33.9546],[135.6062,33.8991],[135.6356,33.877],[135.6854,33.9037],[135.7559,33.8852],[135.8163,33.9056],[135.8579,33.8732],[135.8748,33.8616]]]}},{"type":"Feature","properties":{"id":30,"name_ja":"和歌山県"},"geometry":{"type":"MultiPolygon","coordinates":[[[[135.8579,33.8732],[135.8163,33.9056],[135.7559,33.8852],[135.6854,33.9037],[135.648,33.8769],[135.6062,33.8991],[135.6181,33.9546],[135.637,33.9506],[135.6367,33.9899],[135.5957,34.0116],[135.5806,34.0562],[135.5482,34.0681],[135.5497,34.1006],[135.5909,34.149],[135.6219,34.1584],[135.6481,34.219],[135.7078,34.2082],[135.7275,34.2207],[135.7185,34.2633],[135.6828,34.2702],[135.6511,34.3832],[135.5771,34.3761],[135.512,34.3383],[135.4887,34.3564],[135.3391,34.3294],[135.2916,34.2996],[135.2825,34.3179],[135.208,34.3082],[135.2027,34.2876],[135.1321,34.2724],[135.1103,34.2738],[135.0928,34.312],[135.0743,34.3054],[135.0627,34.2624],[135.1231,34.2416],[135.1407,34.1925],[135.182,34.1719],[135.1841,34.1483],[135.1323,34.1383],[135.1335,34.1189],[135.0967,34.0912],[135.0911,34.0687],[135.1359,34.0646],[135.1713,34.0319],[135.1516,34.0073],[135.0935,33.9932],[135.0643,33.8918],[135.1497,33.8794],[135.1861,33.8195],[135.2359,33.7979],[135.2382,33.7805],[135.3119,33.7696],[135.3934,33.7152],[135.332,33.6662],[135.3914,33.643],[135.3926,33.5886],[135.4516,33.5485],[135.4879,33.5496],[135.5789,33.5072],[135.7593,33.4844],[135.7834,33.4397],[135.7971,33.4969],[135.9541,33.578],[135.9279,33.6094],[135.939,33.6454],[135.9764,33.6595],[136.0119,33.7233],[135.9399,33.7386],[135.8559,33.8203],[135.8534,33.8578],[135.8579,33.8732]]],[[[135.8117,33.4814],[135.7998,33.4696],[135.8292,33.4562],[135.8561,33.4707],[135.8117,33.4814]]],[[[135.8808,33.9094],[135.8587,33.9012],[135.8827,33.8789],[135.8748,33.8616],[135.9013,33.8854],[135.8809,33.9023],[135.8808,33.9094]]],[[[136.0036,34.0099],[135.9266,33.9815],[135.8938,33.9501],[135.8984,33.9267],[135.9295,33.9414],[135.9698,33.93],[135.9854,33.9686],[135.9972,33.9569],[136.0134,33.9742],[135.9972,33.9978],[136.0036,34.0099]]]]}},{"type":"Feature","properties":{"id":31,"name_ja":"鳥取県"},"geometry":{"type":"Polygon","coordinates":[[[134.3699,35.6146],[134.2312,35.5465],[134.057,35.5189],[134.0085,35.5377],[133.9333,35.5121],[133.7552,35.5008],[133.568,35.5304],[133.4464,35.4942],[133.4025,35.4533],[133.2934,35.4778],[133.2628,35.501],[133.2446,35.5491],[133.2185,35.5463],[133.1986,35.526],[133.222,35.4814],[133.3206,35.4103],[133.3244,35.3743],[133.2926,35.3207],[133.3105,35.2684],[133.1525,35.2188],[133.1949,35.1699],[133.1484,35.1398],[133.1364,35.0743],[133.2399,35.079],[133.2691,35.0577],[133.299,35.1038],[133.3194,35.0939],[133.4118,35.1212],[133.3961,35.1806],[133.5291,35.1869],[133.5055,35.2282],[133.5682,35.2571],[133.5964,35.3449],[133.7487,35.3171],[133.7935,35.2929],[133.8182,35.2526],[133.8659,35.2723],[133.862,35.2924],[133.9252,35.3069],[133.9315,35.3332],[134.0097,35.3495],[134.0078,35.3084],[134.0863,35.3073],[134.1506,35.258],[134.1375,35.2393],[134.1642,35.228],[134.154,35.1946],[134.1675,35.1718],[134.2609,35.2105],[134.3227,35.2028],[134.3897,35.2521],[134.4353,35.2292],[134.5152,35.2772],[134.5019,35.3265],[134.5135,35.3541],[134.4714,35.38],[134.4799,35.425],[134.4401,35.4428],[134.4083,35.5873],[134.3699,35.6146]]]}},{"type":"Feature","properties":{"id":32,"name_ja":"島根県"},"geometry":{"type":"MultiPolygon","coordinates":[[[[133.2446,35.5491],[133.319,35.5626],[133.2676,35.5787],[133.1413,35.5609],[133.0967,35.5991],[133.0925,35.5786],[133.0686,35.5839],[133.0285,35.5402],[132.9717,35.5446],[132.9649,35.5147],[132.8694,35.5109],[132.7315,35.4694],[132.7534,35.4476],[132.6276,35.433],[132.6228,35.4186],[132.6717,35.4007],[132.6432,35.3019],[132.4214,35.189],[132.3894,35.1317],[132.3368,35.1014],[132.3037,35.053],[132.2363,35.0346],[132.1108,34.9506],[131.9468,34.7931],[131.8647,34.7553],[131.8713,34.734],[131.8491,34.7113],[131.7397,34.6746],[131.6906,34.681],[131.6948,34.6207],[131.7208,34.582],[131.6755,34.501],[131.7129,34.4285],[131.7949,34.4329],[131.7635,34.3809],[131.7746,34.3375],[131.8314,34.3026],[131.9277,34.3346],[131.9587,34.3063],[132.0121,34.3674],[131.9975,34.4278],[132.0391,34.4689],[132.0686,34.4677],[132.0527,34.5303],[132.1137,34.5626],[132.1297,34.5955],[132.1171,34.6115],[132.1611,34.6881],[132.1296,34.7],[132.2225,34.7497],[132.2428,34.8067],[132.2987,34.777],[132.3158,34.8014],[132.3731,34.8012],[132.3986,34.7833],[132.4366,34.821],[132.5381,34.795],[132.6196,34.8435],[132.6674,34.8323],[132.7106,34.8499],[132.7021,34.8799],[132.664,34.8898],[132.6512,34.9199],[132.6851,34.9506],[132.7497,34.9603],[132.8613,35.0958],[132.8927,35.1051],[132.9476,35.0758],[133.0001,35.0972],[133.0331,35.0682],[133.0962,35.0854],[133.1364,35.0743],[133.1484,35.1398],[133.1949,35.1699],[133.1525,35.2188],[133.3105,35.2684],[133.2926,35.3207],[133.3244,35.3743],[133.3206,35.4103],[133.222,35.4814],[133.1986,35.526],[133.2185,35.5463],[133.2446,35.5491]]],[[[133.1126,36.1201],[133.0644,36.0982],[133.079,36.0727],[133.0683,36.042],[133.097,36.0493],[133.136,36.1021],[133.1126,36.1201]]],[[[133.0692,36.1427],[133.0125,36.1358],[133.0128,36.1155],[132.9723,36.108],[132.946,36.0649],[132.9936,36.0567],[132.9767,36.0834],[133.0054,36.0904],[133.0221,36.0639],[133.0511,36.066],[133.0423,36.1109],[133.0909,36.1342],[133.0692,36.1427]]],[[[133.0038,36.0329],[133.0093,36.0019],[133.0421,36.0084],[133.0353,36.0286],[133.0038,36.0329]]],[[[133.2791,36.3489],[133.1963,36.2978],[133.1777,36.2498],[133.1926,36.2455],[133.1854,36.2147],[133.2386,36.1833],[133.235,36.1689],[133.3393,36.1696],[133.335,36.2028],[133.3701,36.2067],[133.3852,36.2676],[133.297,36.3282],[133.2791,36.3489]]]]}},{"type":"Feature","properties":{"id":33,"name_ja":"岡山県"},"geometry":{"type":"MultiPolygon","coordinates":[[[[134.4028,35.241],[134.3897,35.2521],[134.3227,35.2028],[134.2609,35.2105],[134.1675,35.1718],[134.154,35.1946],[134.1642,35.228],[134.1375,35.2393],[134.1506,35.258],[134.0863,35.3073],[134.0078,35.3084],[134.0097,35.3495],[133.9315,35.3332],[133.9252,35.3069],[133.862,35.2924],[133.8659,35.2723],[133.8182,35.2526],[133.7935,35.2929],[133.7487,35.3171],[133.5964,35.3449],[133.5682,35.2571],[133.5055,35.2282],[133.5291,35.1869],[133.3961,35.1806],[133.4034,35.1143],[133.2883,35.0959],[133.2908,35.0709],[133.2691,35.0577],[133.3212,35.0036],[133.2973,34.956],[133.298,34.8893],[133.3781,34.8084],[133.3609,34.7345],[133.4028,34.6671],[133.3848,34.6168],[133.446,34.5564],[133.4563,34.4545],[133.4891,34.441],[133.5921,34.4707],[133.6037,34.4951],[133.6586,34.5204],[133.6841,34.5071],[133.7053,34.5231],[133.704,34.4778],[133.7596,34.4702],[133.8071,34.4359],[133.8297,34.4725],[133.9348,34.4509],[133.9595,34.5227],[134.0162,34.5448],[134.0407,34.5875],[133.9739,34.5945],[133.9917,34.6125],[134.0422,34.6083],[134.0544,34.5864],[134.1184,34.5898],[134.1732,34.6173],[134.1721,34.6496],[134.2453,34.7011],[134.2055,34.7107],[134.208,34.73],[134.2441,34.7153],[134.2981,34.7365],[134.3217,34.722],[134.3164,34.8026],[134.2663,34.8256],[134.254,34.857],[134.295,34.9075],[134.2537,34.9391],[134.2824,34.9966],[134.2644,35.0167],[134.3163,35.0432],[134.3191,35.0834],[134.3496,35.0902],[134.3674,35.147],[134.407,35.1473],[134.4111,35.187],[134.383,35.1944],[134.397,35.2276],[134.4028,35.241]]],[[[133.5426,34.402],[133.5176,34.3825],[133.545,34.3774],[133.5512,34.3919],[133.5426,34.402]]],[[[134.2983,34.7302],[134.2819,34.7067],[134.3214,34.7032],[134.311,34.7272],[134.2983,34.7302]]]]}},{"type":"Feature","properties":{"id":34,"name_ja":"広島県"},"geometry":{"type":"MultiPolygon","coordinates":[[[[133.1364,35.0743],[133.0962,35.0854],[133.0331,35.0682],[133.0001,35.0972],[132.9476,35.0758],[132.8927,35.1051],[132.8613,35.0958],[132.7497,34.9603],[132.6851,34.9506],[132.6512,34.9199],[132.664,34.8898],[132.7021,34.8799],[132.7106,34.8499],[132.6674,34.8323],[132.6196,34.8435],[132.5381,34.795],[132.4366,34.821],[132.3986,34.7833],[132.3731,34.8012],[132.3158,34.8014],[132.2987,34.777],[132.2428,34.8067],[132.2225,34.7497],[132.1296,34.7],[132.1611,34.6881],[132.1171,34.6115],[132.1297,34.5955],[132.0471,34.5125],[132.081,34.4435],[132.0713,34.3554],[132.1295,34.327],[132.1565,34.2293],[132.2022,34.223],[132.1933,34.207],[132.2456,34.2107],[132.2274,34.2354],[132.2343,34.2588],[132.321,34.3317],[132.3975,34.363],[132.4964,34.3481],[132.5144,34.2677],[132.5585,34.2382],[132.5316,34.2222],[132.5535,34.1944],[132.6027,34.2201],[132.6382,34.2032],[132.6803,34.2109],[132.7001,34.2355],[132.7603,34.2409],[132.7724,34.2531],[132.7561,34.2815],[132.7852,34.277],[132.8196,34.3171],[132.8622,34.2977],[132.8936,34.3265],[133.0402,34.3317],[133.0812,34.3494],[133.093,34.389],[133.2326,34.4116],[133.2421,34.4359],[133.2704,34.4327],[133.2925,34.3827],[133.3668,34.369],[133.3854,34.4205],[133.413,34.4363],[133.4313,34.4241],[133.4451,34.4465],[133.4539,34.5302],[133.3848,34.6168],[133.4028,34.6671],[133.3609,34.7345],[133.3781,34.8084],[133.298,34.8893],[133.2973,34.956],[133.3212,35.0036],[133.2538,35.0752],[133.142,35.0647],[133.1364,35.0743]]],[[[132.4409,34.3259],[132.424,34.3028],[132.4422,34.3024],[132.4409,34.3259]]],[[[132.7951,34.1679],[132.7866,34.1888],[132.7722,34.1611],[132.7951,34.1679]]],[[[132.849,34.1963],[132.8034,34.1726],[132.8026,34.155],[132.8686,34.1768],[132.849,34.1963]]],[[[132.5349,34.2005],[132.503,34.1853],[132.5042,34.1334],[132.4518,34.112],[132.4623,34.0824],[132.5021,34.1033],[132.5562,34.0825],[132.5678,34.097],[132.5698,34.1152],[132.5376,34.121],[132.5495,34.1494],[132.5217,34.1575],[132.5559,34.1784],[132.5356,34.1875],[132.5349,34.2005]]],[[[132.675,34.2023],[132.6486,34.1864],[132.6681,34.1708],[132.6845,34.1877],[132.675,34.2023]]],[[[132.712,34.2038],[132.6858,34.1826],[132.7489,34.1626],[132.7653,34.1769],[132.7211,34.197],[132.712,34.2038]]],[[[133.1122,34.3602],[133.0992,34.3281],[133.1158,34.3193],[133.1225,34.3533],[133.1122,34.3602]]],[[[133.1334,34.3169],[133.0891,34.3129],[133.0674,34.2662],[133.1019,34.2607],[133.1491,34.3011],[133.1334,34.3169]]],[[[133.0787,34.3331],[133.0619,34.3147],[133.0872,34.3133],[133.0787,34.3331]]],[[[133.1517,34.3586],[133.1413,34.3262],[133.1915,34.2749],[133.2105,34.3187],[133.1734,34.3577],[133.1517,34.3586]]],[[[133.261,34.3844],[133.2768,34.37],[133.261,34.3844]]],[[[133.1623,34.3915],[133.1561,34.3743],[133.1727,34.3739],[133.1623,34.3915]]],[[[133.2155,34.4091],[133.17,34.3872],[133.1894,34.357],[133.2126,34.3632],[133.2353,34.4066],[133.2155,34.4091]]],[[[133.2866,34.3577],[133.2637,34.3476],[133.2851,34.3379],[133.2866,34.3577]]],[[[133.3187,34.3728],[133.2888,34.356],[133.3019,34.3424],[133.3212,34.3537],[133.3187,34.3728]]],[[[132.3336,34.3113],[132.2902,34.2875],[132.2727,34.2338],[132.3486,34.2918],[132.3336,34.3113]]],[[[132.3855,34.1775],[132.3873,34.1499],[132.4171,34.1586],[132.3855,34.1775]]],[[[132.4797,34.2963],[132.4353,34.2848],[132.4355,34.2474],[132.4688,34.2466],[132.4744,34.2086],[132.4198,34.258],[132.3897,34.2609],[132.3878,34.2241],[132.4436,34.1696],[132.4418,34.1359],[132.4902,34.1546],[132.4719,34.1828],[132.4985,34.2685],[132.4797,34.2963]]],[[[132.9309,34.2846],[132.8987,34.248],[132.8867,34.2616],[132.8473,34.2443],[132.842,34.2233],[132.88,34.206],[132.918,34.2169],[132.9384,34.2728],[132.9309,34.2846]]]]}},{"type":"Feature","properties":{"id":35,"name_ja":"山口県"},"geometry":{"type":"MultiPolygon","coordinates":[[[[130.9122,33.9542],[130.8953,33.9442],[130.9026,33.9147],[130.9235,33.9143],[130.9147,33.9383],[130.9122,33.9542]]],[[[131.6906,34.681],[131.6487,34.6534],[131.6123,34.6661],[131.5912,34.6291],[131.5615,34.6184],[131.539,34.563],[131.5041,34.5339],[131.4646,34.5322],[131.4619,34.4859],[131.4216,34.4393],[131.3914,34.4173],[131.3368,34.4163],[131.2931,34.3803],[131.2247,34.3921],[131.2237,34.3789],[131.1537,34.3731],[131.1289,34.4126],[130.9611,34.4276],[130.9364,34.3946],[131.0107,34.4018],[131.0365,34.3789],[130.9348,34.3518],[130.8998,34.3607],[130.8914,34.3125],[130.8669,34.2878],[130.9306,34.2097],[130.9257,34.1697],[130.8917,34.1346],[130.8671,34.137],[130.8619,34.1041],[130.9109,34.0617],[130.9103,33.9591],[130.9342,33.9477],[131.0476,34.0422],[131.1029,34.0308],[131.1606,33.9863],[131.1713,33.9421],[131.2665,33.9229],[131.3334,33.9534],[131.3944,34.0262],[131.4273,34.0144],[131.436,33.9879],[131.4795,34.0133],[131.4669,34.0331],[131.5402,33.9976],[131.6435,34.0468],[131.7917,34.0539],[131.8185,34.0354],[131.772,33.9778],[131.8167,33.9696],[131.8328,34.0056],[131.8594,34.0067],[132.0077,33.9105],[132.074,33.9055],[132.12,33.8755],[132.1155,33.8337],[132.1399,33.8318],[132.1594,33.8507],[132.1285,33.8882],[132.1282,33.9572],[132.1875,33.9632],[132.2129,34.002],[132.2003,34.1157],[132.2476,34.1334],[132.232,34.1873],[132.2456,34.2107],[132.1933,34.207],[132.2022,34.223],[132.1565,34.2293],[132.1295,34.327],[132.0713,34.3554],[132.0686,34.4677],[132.0391,34.4689],[131.9975,34.4278],[132.0121,34.3674],[131.9587,34.3063],[131.9277,34.3346],[131.8603,34.3046],[131.7965,34.3189],[131.7635,34.3809],[131.7949,34.4329],[131.7129,34.4285],[131.6939,34.4436],[131.6785,34.5168],[131.7067,34.5331],[131.7208,34.582],[131.6844,34.6672],[131.6906,34.681]]],[[[131.4125,34.513],[131.4016,34.4953],[131.4189,34.4941],[131.4125,34.513]]],[[[131.1307,34.7987],[131.1376,34.7581],[131.1609,34.7637],[131.1461,34.7883],[131.1307,34.7987]]],[[[131.2463,34.4383],[131.1709,34.4259],[131.1728,34.4084],[131.1965,34.3981],[131.2224,34.4241],[131.2551,34.4217],[131.2463,34.4383]]],[[[132.2094,33.8173],[132.1879,33.8077],[132.2157,33.7819],[132.2596,33.7796],[132.2234,33.8133],[132.2094,33.8173]]],[[[132.234,33.9676],[132.1834,33.9505],[132.1732,33.9239],[132.2094,33.8594],[132.2886,33.9022],[132.3377,33.8781],[132.3249,33.8643],[132.3684,33.8673],[132.3758,33.9141],[132.4539,33.9349],[132.4239,33.9541],[132.3351,33.9015],[132.2858,33.9554],[132.2489,33.9541],[132.234,33.9676]]],[[[131.5862,34.0235],[131.5662,33.987],[131.5957,34.0112],[131.5862,34.0235]]],[[[131.8581,33.99],[131.8241,33.9451],[131.8358,33.9338],[131.8734,33.9744],[131.8581,33.99]]],[[[132.415,34.0304],[132.4045,34.0164],[132.4278,34.0156],[132.415,34.0304]]],[[[131.773,34.0503],[131.7332,34.0376],[131.7287,34.0226],[131.7456,34.0231],[131.773,34.0503]]],[[[132.1509,33.7639],[132.1335,33.7129],[132.1461,33.7402],[132.1509,33.7639]]],[[[131.9707,33.798],[131.9641,33.7686],[131.9935,33.7797],[131.9707,33.798]]],[[[132.0714,33.8584],[132.0811,33.8362],[132.0605,33.8025],[132.1114,33.8317],[132.0836,33.8448],[132.0714,33.8584]]]]}},{"type":"Feature","properties":{"id":36,"name_ja":"徳島県"},"geometry":{"type":"MultiPolygon","coordinates":[[[[134.3059,33.5484],[134.3178,33.5818],[134.3542,33.5835],[134.3881,33.6244],[134.3705,33.6347],[134.3899,33.6506],[134.5432,33.7201],[134.5804,33.7701],[134.7482,33.8323],[134.7008,33.8362],[134.7078,33.8506],[134.6429,33.843],[134.6357,33.8687],[134.7056,33.9259],[134.6409,34.0063],[134.6119,33.9917],[134.5918,34.008],[134.6043,34.1193],[134.6419,34.18],[134.5865,34.2013],[134.5861,34.2398],[134.5594,34.2216],[134.4402,34.2079],[134.4196,34.1579],[134.358,34.1847],[134.1731,34.1758],[134.1457,34.1645],[134.1223,34.1188],[134.0446,34.1138],[133.9939,34.0726],[133.9223,34.1144],[133.8548,34.1042],[133.6796,34.0125],[133.6926,33.944],[133.6608,33.8818],[133.6777,33.8585],[133.7482,33.8368],[133.8387,33.8452],[133.9128,33.7914],[133.9413,33.7992],[133.9598,33.8347],[134.0328,33.8284],[134.0588,33.7767],[134.0663,33.6886],[134.1748,33.684],[134.1842,33.649],[134.1502,33.6306],[134.1878,33.5758],[134.2385,33.5529],[134.2872,33.5598],[134.3059,33.5484]]],[[[134.6437,34.2395],[134.5911,34.2014],[134.6274,34.2079],[134.6437,34.2395]]],[[[134.6072,34.2517],[134.588,34.2304],[134.6174,34.2342],[134.6072,34.2517]]]]}},{"type":"Feature","properties":{"id":37,"name_ja":"香川県"},"geometry":{"type":"MultiPolygon","coordinates":[[[[134.4402,34.2079],[134.3901,34.2548],[134.3468,34.2525],[134.2557,34.2871],[134.2574,34.3453],[134.1601,34.3307],[134.1634,34.3778],[134.1363,34.4003],[134.1078,34.372],[134.0923,34.3846],[134.0787,34.35],[133.9988,34.3546],[133.9276,34.3897],[133.8881,34.3752],[133.895,34.3546],[133.8578,34.3267],[133.839,34.3346],[133.8579,34.3574],[133.8207,34.3513],[133.8227,34.3256],[133.7313,34.2787],[133.7356,34.2614],[133.6982,34.2343],[133.6229,34.2356],[133.5695,34.26],[133.649,34.1857],[133.6277,34.0532],[133.5985,34.0436],[133.6796,34.0125],[133.8548,34.1042],[133.9223,34.1144],[133.9939,34.0726],[134.0446,34.1138],[134.1223,34.1188],[134.1457,34.1645],[134.1731,34.1758],[134.358,34.1847],[134.4196,34.1579],[134.4389,34.1908],[134.4402,34.2079]]],[[[133.7105,34.3991],[133.6845,34.3613],[133.7089,34.3533],[133.7249,34.3844],[133.7105,34.3991]]],[[[133.7777,34.401],[133.7602,34.379],[133.7884,34.3867],[133.7777,34.401]]],[[[133.6718,34.4108],[133.6613,34.3911],[133.677,34.3928],[133.6718,34.4108]]],[[[134.1998,34.4827],[134.2335,34.4765],[134.2387,34.4325],[134.2246,34.4251],[134.2393,34.4155],[134.2676,34.4679],[134.3102,34.4775],[134.33,34.4459],[134.3536,34.4777],[134.3448,34.5646],[134.1651,34.5188],[134.1447,34.4788],[134.1517,34.4613],[134.1711,34.4736],[134.1998,34.4827]]],[[[134.0855,34.4994],[134.0518,34.4723],[134.0813,34.4592],[134.1027,34.4791],[134.0855,34.4994]]],[[[133.9698,34.478],[133.9763,34.449],[134.0026,34.4452],[133.9994,34.461],[133.9698,34.478]]]]}},{"type":"Feature","properties":{"id":38,"name_ja":"愛媛県"},"geometry":{"type":"MultiPolygon","coordinates":[[[[132.6912,33.9265],[132.6625,33.874],[132.6936,33.9055],[132.6912,33.9265]]],[[[132.6618,33.9738],[132.6495,33.9573],[132.6731,33.958],[132.6618,33.9738]]],[[[132.5617,33.9942],[132.5342,33.9866],[132.5441,33.9687],[132.5556,33.9786],[132.5617,33.9942]]],[[[132.6457,34.0183],[132.5873,33.9698],[132.5904,33.9523],[132.6417,33.9566],[132.6519,34.0133],[132.6457,34.0183]]],[[[133.6796,34.0125],[133.5985,34.0436],[133.5161,33.9755],[133.3205,33.9942],[133.133,33.9273],[133.0679,33.9753],[133.0228,34.0626],[132.9464,34.1379],[132.9237,34.1161],[132.9164,34.0636],[132.8574,34.0547],[132.7706,33.9966],[132.7552,33.9113],[132.7107,33.9067],[132.7,33.8767],[132.7104,33.8541],[132.6873,33.8341],[132.7,33.761],[132.6465,33.6922],[132.5081,33.6303],[132.4183,33.5447],[132.2648,33.4564],[132.1719,33.4449],[132.1533,33.4071],[132.1241,33.4202],[132.0844,33.3981],[132.1187,33.3909],[132.1033,33.3619],[132.1253,33.3654],[132.3065,33.4733],[132.3641,33.4799],[132.4023,33.4595],[132.4084,33.4367],[132.3863,33.4198],[132.3965,33.3971],[132.3794,33.3878],[132.3901,33.3652],[132.415,33.3819],[132.4092,33.3532],[132.3764,33.3371],[132.3825,33.3212],[132.4231,33.3042],[132.5265,33.3128],[132.4829,33.2749],[132.5388,33.2351],[132.4868,33.1644],[132.4227,33.211],[132.4471,33.1847],[132.434,33.1584],[132.4519,33.1318],[132.5003,33.1371],[132.4684,33.0897],[132.4868,33.0674],[132.485,33.0107],[132.5374,32.9642],[132.4788,32.9718],[132.5028,32.9561],[132.4688,32.9399],[132.4764,32.9046],[132.5153,32.9032],[132.4972,32.9194],[132.5127,32.9501],[132.5719,32.9462],[132.599,32.9126],[132.6555,32.9252],[132.6915,32.9736],[132.6577,33.0571],[132.6693,33.0924],[132.6194,33.1809],[132.6869,33.1349],[132.7406,33.2013],[132.7759,33.2084],[132.7719,33.2411],[132.7931,33.2748],[132.8577,33.2932],[132.9035,33.3311],[132.86,33.3685],[132.8111,33.4661],[133.0154,33.481],[133.0592,33.5387],[133.0468,33.5752],[133.0796,33.6087],[133.075,33.6506],[133.1165,33.6602],[133.1927,33.7938],[133.2369,33.7827],[133.2842,33.8318],[133.3263,33.8148],[133.3558,33.8344],[133.4934,33.8322],[133.5499,33.882],[133.583,33.8677],[133.6608,33.8818],[133.688,33.9163],[133.6857,34.0037],[133.6796,34.0125]]],[[[133.037,34.1953],[133.0208,34.1782],[133.0396,34.1534],[133.0187,34.1392],[133.0351,34.1077],[133.1015,34.1591],[133.1069,34.1744],[133.0833,34.1694],[133.0685,34.1917],[133.037,34.1953]]],[[[133.1078,34.2417],[133.0593,34.2266],[133.0775,34.1956],[133.1237,34.1941],[133.1087,34.2225],[133.1078,34.2417]]],[[[133.0115,34.2997],[132.9807,34.2867],[132.9906,34.225],[132.9466,34.2094],[132.9587,34.1922],[133.0501,34.2141],[133.026,34.2951],[133.0115,34.2997]]],[[[132.5178,33.2412],[132.5112,33.2275],[132.5344,33.2277],[132.5178,33.2412]]],[[[133.1525,34.2804],[133.1338,34.241],[133.1656,34.2606],[133.1525,34.2804]]],[[[133.1719,34.2856],[133.1728,34.258],[133.1859,34.2692],[133.1719,34.2856]]],[[[133.2291,34.2918],[133.1988,34.2688],[133.2006,34.2401],[133.2368,34.2771],[133.2291,34.2918]]]]}},{"type":"Feature","properties":{"id":39,"name_ja":"高知県"},"geometry":{"type":"MultiPolygon","coordinates":[[[[133.6608,33.8818],[133.583,33.8677],[133.5499,33.882],[133.4934,33.8322],[133.3558,33.8344],[133.3263,33.8148],[133.2842,33.8318],[133.2369,33.7827],[133.1927,33.7938],[133.1165,33.6602],[133.075,33.6506],[133.0796,33.6087],[133.0468,33.5752],[133.0592,33.5387],[133.0154,33.481],[132.8111,33.4661],[132.86,33.3685],[132.9035,33.3311],[132.8577,33.2932],[132.7931,33.2748],[132.7719,33.2411],[132.7759,33.2084],[132.7406,33.2013],[132.6869,33.1349],[132.6194,33.1809],[132.6693,33.0924],[132.6577,33.0571],[132.6915,32.9736],[132.6555,32.9252],[132.7083,32.926],[132.7197,32.894],[132.6648,32.8601],[132.6341,32.7837],[132.7187,32.7971],[132.758,32.753],[132.7893,32.7497],[132.8645,32.7895],[132.9121,32.7879],[132.9734,32.7326],[133.0221,32.729],[133.0027,32.7871],[132.9504,32.8206],[132.961,32.8647],[132.9934,32.8623],[133.002,32.8798],[132.993,32.9523],[133.0083,33.0093],[133.0445,33.0389],[133.0931,33.0341],[133.1706,33.1504],[133.1919,33.1674],[133.2146,33.1514],[133.2153,33.1923],[133.2561,33.2252],[133.2385,33.2971],[133.2532,33.3081],[133.2322,33.3283],[133.2561,33.3328],[133.2616,33.3692],[133.4415,33.4139],[133.4583,33.4277],[133.3707,33.4168],[133.3699,33.4305],[133.4373,33.4393],[133.563,33.4965],[133.5476,33.5176],[133.5654,33.5311],[133.5626,33.5041],[133.7382,33.5381],[133.77,33.5158],[133.9226,33.4919],[133.9586,33.4426],[134.0287,33.4144],[134.0338,33.3784],[134.1055,33.3229],[134.1116,33.2939],[134.1361,33.2972],[134.1815,33.2492],[134.2119,33.4006],[134.3059,33.5484],[134.1878,33.5758],[134.1502,33.6306],[134.1842,33.649],[134.1748,33.684],[134.0663,33.6886],[134.0588,33.7767],[134.0328,33.8284],[133.9598,33.8347],[133.9413,33.7992],[133.9128,33.7914],[133.8387,33.8452],[133.7482,33.8368],[133.6629,33.8704],[133.6608,33.8818]]],[[[132.5456,32.7552],[132.5506,32.7138],[132.5701,32.7137],[132.5701,32.7363],[132.5456,32.7552]]]]}},{"type":"Feature","properties":{"id":40,"name_ja":"福岡県"},"geometry":{"type":"MultiPolygon","coordinates":[[[[131.1856,33.6169],[131.1001,33.6181],[131.0008,33.7573],[131.0177,33.768],[130.9983,33.7915],[131.0118,33.8196],[130.9666,33.8095],[130.9567,33.8296],[130.9935,33.851],[131.0201,33.9623],[130.9745,33.9591],[130.9012,33.8908],[130.855,33.9295],[130.7011,33.9387],[130.6297,33.8833],[130.5293,33.8879],[130.488,33.851],[130.4457,33.7948],[130.4708,33.7742],[130.4612,33.7405],[130.3463,33.6619],[130.359,33.6485],[130.4305,33.6868],[130.4345,33.6622],[130.405,33.6522],[130.3996,33.6136],[130.273,33.5826],[130.2519,33.5967],[130.2751,33.6098],[130.2318,33.6169],[130.2371,33.6488],[130.2101,33.6675],[130.1978,33.6398],[130.1569,33.6281],[130.1488,33.5967],[130.0921,33.5852],[130.1007,33.5636],[130.1197,33.5746],[130.1413,33.5499],[130.1653,33.555],[130.1539,33.5371],[130.1194,33.5078],[130.0484,33.4952],[130.0396,33.4697],[130.2767,33.4789],[130.4288,33.3969],[130.4691,33.433],[130.5337,33.4415],[130.536,33.343],[130.5067,33.3412],[130.4849,33.3062],[130.4556,33.3008],[130.4649,33.2849],[130.3739,33.2444],[130.3762,33.2199],[130.3397,33.205],[130.3558,33.1404],[130.3733,33.1413],[130.4253,33.053],[130.4141,33.0023],[130.484,33.0016],[130.5159,33.012],[130.495,33.0487],[130.5657,33.0873],[130.5802,33.116],[130.6603,33.1181],[130.6852,33.1691],[130.7709,33.1243],[130.8533,33.1091],[130.8875,33.1863],[130.8365,33.2106],[130.8596,33.2291],[130.8263,33.2368],[130.8664,33.2921],[130.8354,33.3436],[130.8858,33.3792],[130.8949,33.4462],[131.0014,33.5122],[131.1632,33.5085],[131.1906,33.558],[131.1733,33.5909],[131.1856,33.6169]]],[[[130.8089,33.9487],[130.7774,33.9461],[130.8223,33.9304],[130.845,33.9392],[130.8323,33.9498],[130.8089,33.9487]]],[[[130.3018,33.6384],[130.2951,33.6179],[130.3136,33.6229],[130.3018,33.6384]]],[[[130.4211,33.6753],[130.3982,33.6555],[130.4282,33.6652],[130.4211,33.6753]]],[[[130.2996,33.6895],[130.2986,33.6603],[130.3161,33.6616],[130.31,33.6785],[130.2996,33.6895]]],[[[130.4386,33.9154],[130.4071,33.8965],[130.4265,33.8869],[130.4478,33.9124],[130.4386,33.9154]]]]}},{"type":"Feature","properties":{"id":41,"name_ja":"佐賀県"},"geometry":{"type":"MultiPolygon","coordinates":[[[[130.0396,33.4697],[130.0267,33.4476],[129.9707,33.4548],[129.9477,33.4724],[129.9459,33.5284],[129.8977,33.5492],[129.8308,33.5198],[129.8572,33.4648],[129.8433,33.4449],[129.8064,33.4857],[129.7833,33.4507],[129.8718,33.3936],[129.8305,33.3359],[129.8311,33.3042],[129.7908,33.3404],[129.759,33.2909],[129.8154,33.2391],[129.8172,33.1845],[129.879,33.162],[129.9386,33.1654],[129.9563,33.1286],[129.9224,33.0905],[129.9941,33.048],[130.0011,33.0257],[130.0889,32.9741],[130.2244,32.9622],[130.1295,33.1178],[130.1498,33.1126],[130.2222,33.165],[130.2335,33.1942],[130.2885,33.1467],[130.3558,33.1404],[130.3397,33.205],[130.3762,33.2199],[130.3739,33.2444],[130.4649,33.2849],[130.4556,33.3008],[130.4849,33.3062],[130.5067,33.3412],[130.536,33.343],[130.5411,33.4212],[130.5111,33.4491],[130.4288,33.3969],[130.2767,33.4789],[130.0681,33.4725],[130.0396,33.4697]]],[[[129.7607,33.5827],[129.7402,33.5729],[129.773,33.572],[129.7607,33.5827]]]]}},{"type":"Feature","properties":{"id":42,"name_ja":"長崎県"},"geometry":{"type":"MultiPolygon","coordinates":[[[[129.7908,33.3404],[129.7887,33.3716],[129.7057,33.3465],[129.6778,33.3531],[129.6781,33.3901],[129.6458,33.3648],[129.5781,33.38],[129.562,33.3249],[129.5917,33.3043],[129.5891,33.2717],[129.5694,33.268],[129.5525,33.2176],[129.6515,33.1956],[129.6506,33.1737],[129.6885,33.1365],[129.6613,33.1125],[129.7117,33.1177],[129.7016,33.1632],[129.7238,33.1642],[129.7214,33.1374],[129.7399,33.1322],[129.7851,33.1433],[129.8033,33.0678],[129.8768,33.0644],[129.9458,33.0151],[129.9302,32.9265],[129.9941,32.8419],[129.9038,32.878],[129.8438,32.8425],[129.7957,32.8733],[129.8052,32.9077],[129.7844,32.93],[129.7956,32.9392],[129.813,32.9206],[129.8113,32.9997],[129.7356,33.0118],[129.7616,33.0461],[129.682,33.0992],[129.6501,33.0417],[129.6552,33.0022],[129.6277,32.9791],[129.6267,32.9508],[129.6773,32.8669],[129.7394,32.8069],[129.746,32.8221],[129.7755,32.817],[129.7966,32.7651],[129.8518,32.7208],[129.7556,32.5808],[129.8045,32.5907],[129.835,32.6321],[129.8961,32.6627],[129.9131,32.7124],[129.9566,32.7415],[129.9473,32.7589],[130.024,32.7584],[130.0835,32.7945],[130.1791,32.7946],[130.2079,32.7528],[130.199,32.7178],[130.1326,32.6815],[130.1296,32.6409],[130.1811,32.5927],[130.2735,32.6541],[130.3484,32.6743],[130.3773,32.7888],[130.341,32.8552],[130.3044,32.8795],[130.2438,32.8756],[130.1952,32.8481],[130.1553,32.8936],[130.2019,32.9291],[130.2036,32.9571],[130.0612,32.9859],[129.9388,33.0742],[129.9252,33.1057],[129.9513,33.11],[129.9563,33.1286],[129.9386,33.1654],[129.879,33.162],[129.8172,33.1845],[129.8154,33.2391],[129.759,33.2909],[129.7766,33.3329],[129.7908,33.3404]]],[[[129.3843,34.3034],[129.351,34.2929],[129.3625,34.2745],[129.3932,34.2968],[129.3843,34.3034]]],[[[129.2054,34.3315],[129.1709,34.1115],[129.2294,34.0947],[129.2794,34.1308],[129.2919,34.1904],[129.3258,34.2261],[129.3153,34.2427],[129.3306,34.2759],[129.3488,34.2781],[129.3308,34.2983],[129.2993,34.2824],[129.2939,34.3167],[129.2315,34.2922],[129.222,34.33],[129.2054,34.3315]]],[[[129.3963,34.3599],[129.389,34.3402],[129.4076,34.3382],[129.3963,34.3599]]],[[[129.4498,34.7064],[129.3789,34.6426],[129.3197,34.6468],[129.2868,34.5692],[129.3265,34.5473],[129.2733,34.4661],[129.2763,34.377],[129.2336,34.3533],[129.2993,34.3702],[129.314,34.3404],[129.3237,34.3673],[129.3493,34.3637],[129.3559,34.339],[129.3332,34.3188],[129.3571,34.3008],[129.3929,34.3366],[129.3696,34.4519],[129.4716,34.553],[129.4794,34.5946],[129.4572,34.6159],[129.4793,34.6177],[129.4908,34.6638],[129.4708,34.6956],[129.4498,34.7064]]],[[[129.7043,33.8635],[129.6764,33.8454],[129.6837,33.805],[129.6587,33.8032],[129.6473,33.7531],[129.7152,33.707],[129.7385,33.738],[129.7861,33.7441],[129.7871,33.7691],[129.7587,33.7739],[129.7845,33.786],[129.7556,33.8064],[129.7731,33.8423],[129.7243,33.8505],[129.7043,33.8635]]],[[[128.9416,32.8847],[128.942,32.8596],[128.8795,32.8678],[128.9298,32.8275],[128.9542,32.8339],[128.9584,32.8691],[128.9416,32.8847]]],[[[128.864,32.8448],[128.8376,32.83],[128.8349,32.7962],[128.8661,32.7634],[128.9025,32.7885],[128.9006,32.8217],[128.864,32.8448]]],[[[128.6346,32.6798],[128.6152,32.6551],[128.6224,32.6376],[128.6356,32.6468],[128.6346,32.6798]]],[[[128.993,32.791],[128.9728,32.7437],[129.0043,32.7505],[129.0074,32.7701],[128.993,32.791]]],[[[128.8088,32.7981],[128.7068,32.7385],[128.6973,32.7664],[128.6557,32.7795],[128.6451,32.7244],[128.6652,32.6668],[128.6364,32.6346],[128.6506,32.6201],[128.6398,32.6099],[128.6192,32.6307],[128.5983,32.6126],[128.6407,32.5926],[128.7368,32.607],[128.7729,32.5745],[128.7932,32.5914],[128.7701,32.6448],[128.8064,32.6555],[128.8259,32.6356],[128.8825,32.6396],[128.8829,32.6696],[128.8473,32.6966],[128.845,32.7512],[128.8095,32.774],[128.8088,32.7981]]],[[[128.9631,32.9325],[128.9563,32.9161],[128.9302,32.9195],[128.9474,32.9057],[128.9649,32.9184],[128.9631,32.9325]]],[[[128.99,32.933],[128.9906,32.8943],[128.961,32.8992],[128.9858,32.8664],[129.0303,32.8534],[129.033,32.895],[129.011,32.9259],[128.99,32.933]]],[[[129.113,33.1643],[129.0793,33.0342],[129.0423,33.0277],[129.0524,32.9789],[128.9977,32.9666],[129.0068,32.9404],[129.0614,32.9086],[129.0424,32.8757],[129.0634,32.817],[129.0612,32.8449],[129.1002,32.8602],[129.096,32.9179],[129.1823,32.9715],[129.176,33.0074],[129.0912,32.989],[129.114,33.1422],[129.113,33.1643]]],[[[129.7682,33.1434],[129.7466,33.0985],[129.7288,33.1001],[129.765,33.0534],[129.7934,33.0827],[129.7939,33.1376],[129.7682,33.1434]]],[[[129.5439,33.1517],[129.5235,33.1455],[129.5361,33.131],[129.5508,33.1442],[129.5439,33.1517]]],[[[129.1287,33.3022],[129.0698,33.271],[129.1231,33.2462],[129.1498,33.2699],[129.1359,33.3008],[129.1287,33.3022]]],[[[129.9019,32.929],[129.9183,32.9036],[129.9259,32.9131],[129.9019,32.929]]],[[[129.5546,33.4095],[129.5265,33.3923],[129.5469,33.3765],[129.4372,33.3472],[129.4469,33.297],[129.4094,33.2766],[129.4141,33.2475],[129.3803,33.2239],[129.396,33.1815],[129.3513,33.1828],[129.3751,33.1687],[129.434,33.1909],[129.5012,33.2592],[129.4948,33.2824],[129.5317,33.3104],[129.5205,33.3297],[129.5669,33.3586],[129.5629,33.382],[129.5546,33.4095]]],[[[129.4346,33.4407],[129.4009,33.3588],[129.42,33.3513],[129.4351,33.3548],[129.4284,33.4093],[129.4346,33.4407]]],[[[129.5564,33.5108],[129.5277,33.4994],[129.5347,33.4747],[129.5749,33.4837],[129.5539,33.4893],[129.5564,33.5108]]],[[[129.797,33.4146],[129.8135,33.3991],[129.8101,33.3562],[129.8587,33.3755],[129.8197,33.4108],[129.797,33.4146]]],[[[129.755,33.4705],[129.7188,33.4187],[129.7313,33.4064],[129.764,33.4291],[129.7713,33.4604],[129.755,33.4705]]],[[[129.5985,32.9477],[129.6052,32.9182],[129.6239,32.9373],[129.5985,32.9477]]],[[[129.3531,33.021],[129.341,33.0073],[129.3572,33.0042],[129.3531,33.021]]],[[[129.2473,33.0232],[129.2326,33.0007],[129.2546,32.9999],[129.2473,33.0232]]],[[[129.5619,33.0305],[129.5715,33.0095],[129.5835,33.0276],[129.5619,33.0305]]],[[[129.6088,33.0653],[129.5875,33.0278],[129.6068,33.0236],[129.6345,33.0509],[129.6088,33.0653]]],[[[129.1228,33.2137],[129.1245,33.1878],[129.1349,33.1967],[129.1228,33.2137]]],[[[129.0569,33.22],[129.0284,33.201],[129.0734,33.1879],[129.0802,33.2099],[129.0662,33.208],[129.0569,33.22]]]]}},{"type":"Feature","properties":{"id":43,"name_ja":"熊本県"},"geometry":{"type":"MultiPolygon","coordinates":[[[[130.4141,33.0023],[130.4397,32.9209],[130.5232,32.8809],[130.5228,32.8534],[130.5789,32.8415],[130.6144,32.7927],[130.5985,32.7782],[130.607,32.713],[130.4527,32.6267],[130.467,32.6046],[130.6518,32.6425],[130.6567,32.6184],[130.6194,32.615],[130.634,32.6034],[130.5312,32.52],[130.5651,32.5054],[130.5425,32.4845],[130.565,32.476],[130.5731,32.4408],[130.4892,32.3663],[130.5076,32.3582],[130.4662,32.3214],[130.4776,32.287],[130.4585,32.29],[130.4314,32.2409],[130.3942,32.2274],[130.3608,32.1686],[130.4027,32.1202],[130.4671,32.1157],[130.4769,32.139],[130.5402,32.1374],[130.6105,32.1867],[130.6227,32.1561],[130.6991,32.107],[130.7794,32.0995],[130.8571,32.0997],[130.906,32.1336],[130.9326,32.1164],[130.9745,32.1209],[131.0038,32.1695],[131.109,32.1602],[131.1005,32.2015],[131.0427,32.2482],[131.0498,32.2833],[131.0905,32.294],[131.1072,32.3334],[131.078,32.3551],[131.068,32.4076],[131.0438,32.4081],[131.0165,32.4477],[131.018,32.5464],[131.0522,32.5877],[131.1082,32.5821],[131.1162,32.6427],[131.1514,32.6801],[131.1748,32.6718],[131.1794,32.7098],[131.2315,32.744],[131.2654,32.8265],[131.3295,32.833],[131.2574,32.8874],[131.2474,32.9633],[131.2632,32.9772],[131.1746,33.0831],[131.1612,33.1408],[131.1155,33.1803],[131.0604,33.1951],[130.9942,33.1838],[130.9785,33.1422],[131.0241,33.0875],[131.0118,33.0431],[130.9703,33.0238],[130.8767,33.0919],[130.6852,33.1691],[130.6603,33.1181],[130.5802,33.116],[130.5657,33.0873],[130.495,33.0487],[130.5159,33.012],[130.4363,33.0051],[130.4141,33.0023]]],[[[130.3511,32.4025],[130.382,32.3868],[130.4003,32.398],[130.4559,32.5241],[130.3157,32.5176],[130.2046,32.4514],[130.246,32.3969],[130.2748,32.4121],[130.3086,32.396],[130.3511,32.4025]]],[[[130.4735,32.5878],[130.4705,32.5505],[130.4874,32.5705],[130.4735,32.5878]]],[[[130.4432,32.6259],[130.394,32.586],[130.4169,32.581],[130.405,32.5509],[130.4504,32.5601],[130.4556,32.6091],[130.4432,32.6259]]],[[[130.4935,32.6097],[130.474,32.6032],[130.4921,32.5762],[130.5091,32.6072],[130.4935,32.6097]]],[[[130.3553,32.3521],[130.3338,32.3175],[130.3741,32.343],[130.3553,32.3521]]],[[[130.3146,32.368],[130.3214,32.3404],[130.3407,32.3518],[130.3146,32.368]]],[[[130.118,32.5436],[130.066,32.5159],[130.0125,32.5294],[130.0474,32.491],[129.9748,32.3558],[129.9809,32.3251],[129.9938,32.3074],[130.0657,32.3058],[130.0628,32.2785],[130.035,32.3024],[129.9818,32.2687],[129.9706,32.2477],[130.0125,32.2353],[130.0019,32.1932],[130.1006,32.2317],[130.1227,32.2784],[130.1665,32.2959],[130.1481,32.3019],[130.1587,32.3241],[130.1856,32.3139],[130.2185,32.3648],[130.2194,32.3926],[130.1978,32.4055],[130.2099,32.414],[130.195,32.5322],[130.188,32.5486],[130.1473,32.5496],[130.118,32.5436]]]]}},{"type":"Feature","properties":{"id":44,"name_ja":"大分県"},"geometry":{"type":"MultiPolygon","coordinates":[[[[130.8398,33.1041],[130.9909,33.0238],[131.0241,33.0875],[130.9785,33.1422],[130.9942,33.1838],[131.0604,33.1951],[131.1155,33.1803],[131.1612,33.1408],[131.1746,33.0831],[131.2632,32.9772],[131.2474,32.9633],[131.2574,32.8874],[131.3639,32.8034],[131.4751,32.8372],[131.5175,32.8008],[131.5121,32.7697],[131.5689,32.7542],[131.5901,32.7741],[131.7125,32.7735],[131.7357,32.8311],[131.7541,32.8364],[131.8588,32.8214],[131.847,32.7359],[131.8856,32.746],[131.873,32.786],[131.8996,32.8022],[131.9364,32.7844],[132.0079,32.8268],[131.9864,32.8461],[131.982,32.825],[131.9533,32.8403],[132.0055,32.8891],[131.9841,32.9135],[132.0711,32.948],[132.0101,32.9327],[131.9122,32.9743],[131.8896,32.9918],[131.9215,33.0449],[132.0067,33.0608],[131.8681,33.0764],[131.9006,33.1179],[131.8156,33.1226],[131.8218,33.1621],[131.903,33.2675],[131.8063,33.2421],[131.6919,33.2794],[131.5893,33.2457],[131.5126,33.2675],[131.4989,33.3603],[131.5969,33.3498],[131.5981,33.3701],[131.6441,33.3753],[131.6356,33.4234],[131.7014,33.406],[131.7386,33.465],[131.7337,33.5808],[131.6608,33.6698],[131.5864,33.6922],[131.4999,33.6713],[131.4201,33.5732],[131.2909,33.5791],[131.1856,33.6169],[131.1732,33.5782],[131.1906,33.558],[131.1632,33.5085],[131.0357,33.5191],[130.9424,33.4856],[130.8949,33.4462],[130.8858,33.3792],[130.8354,33.3436],[130.8664,33.2921],[130.8263,33.2368],[130.8596,33.2291],[130.8365,33.2106],[130.8875,33.1863],[130.8533,33.1091],[130.8398,33.1041]]],[[[131.6715,33.7388],[131.6549,33.7302],[131.6657,33.7168],[131.6904,33.7324],[131.6715,33.7388]]]]}},{"type":"Feature","properties":{"id":45,"name_ja":"宮崎県"},"geometry":{"type":"Polygon","coordinates":[[[130.7206,32.1008],[130.7039,32.0577],[130.7769,32.0165],[130.8053,31.9498],[130.8656,31.934],[130.8977,31.8885],[130.8762,31.8442],[130.8845,31.8054],[130.987,31.7802],[130.9781,31.7589],[131.0152,31.7488],[131.0242,31.6741],[131.0543,31.6335],[131.0793,31.6602],[131.1278,31.6265],[131.1884,31.6246],[131.2015,31.5311],[131.1603,31.4619],[131.2431,31.4262],[131.246,31.3863],[131.3093,31.3907],[131.3355,31.3607],[131.35,31.3712],[131.3337,31.3985],[131.3726,31.4359],[131.363,31.4718],[131.3846,31.4804],[131.3812,31.5526],[131.4622,31.6332],[131.4562,31.6985],[131.4886,31.7855],[131.4551,31.8168],[131.4579,31.8901],[131.5851,32.2914],[131.6456,32.4091],[131.681,32.433],[131.6508,32.4577],[131.6599,32.4836],[131.6962,32.4695],[131.7243,32.4891],[131.688,32.5236],[131.6893,32.56],[131.7645,32.6163],[131.7628,32.6587],[131.8168,32.7028],[131.843,32.6905],[131.8501,32.7219],[131.8856,32.746],[131.847,32.7359],[131.8588,32.8214],[131.7541,32.8364],[131.7357,32.8311],[131.7125,32.7735],[131.5901,32.7741],[131.5689,32.7542],[131.5121,32.7697],[131.5175,32.8008],[131.4751,32.8372],[131.3639,32.8034],[131.3295,32.833],[131.2654,32.8265],[131.2315,32.744],[131.1794,32.7098],[131.1748,32.6718],[131.1514,32.6801],[131.1162,32.6427],[131.1082,32.5821],[131.0433,32.5823],[131.0094,32.5154],[131.0165,32.4477],[131.0438,32.4081],[131.068,32.4076],[131.078,32.3551],[131.1072,32.3334],[131.0905,32.294],[131.0498,32.2833],[131.0427,32.2482],[131.1005,32.2015],[131.109,32.1602],[131.0038,32.1695],[130.9564,32.1156],[130.906,32.1336],[130.8571,32.0997],[130.7536,32.1035],[130.7206,32.1008]]]}},{"type":"Feature","properties":{"id":46,"name_ja":"鹿児島県"},"geometry":{"type":"MultiPolygon","coordinates":[[[[130.3608,32.1686],[130.3524,32.1359],[130.3094,32.1082],[130.2508,32.1282],[130.1759,32.1059],[130.1716,32.0782],[130.1992,32.077],[130.2076,32.0583],[130.1789,32.001],[130.2087,31.9725],[130.2242,31.9107],[130.1667,31.7949],[130.3156,31.6586],[130.3337,31.5628],[130.2714,31.4268],[130.2252,31.4024],[130.167,31.4349],[130.1346,31.4167],[130.2092,31.3482],[130.1896,31.3166],[130.2263,31.3057],[130.203,31.2961],[130.2232,31.254],[130.2752,31.249],[130.2842,31.2674],[130.4595,31.2513],[130.5028,31.2212],[130.5086,31.1751],[130.5858,31.1607],[130.6404,31.1904],[130.6296,31.2107],[130.6578,31.2204],[130.65,31.2447],[130.6666,31.2668],[130.6212,31.2766],[130.5647,31.3225],[130.5461,31.3746],[130.5582,31.3861],[130.5276,31.4073],[130.5137,31.4908],[130.5314,31.4843],[130.5688,31.5703],[130.5628,31.5972],[130.6023,31.632],[130.6142,31.6966],[130.686,31.735],[130.7924,31.703],[130.8232,31.6597],[130.767,31.5636],[130.7159,31.5597],[130.7135,31.6005],[130.6692,31.6274],[130.6261,31.6204],[130.5921,31.581],[130.6391,31.5451],[130.6983,31.5557],[130.6993,31.4617],[130.7554,31.4259],[130.8029,31.3369],[130.7881,31.2487],[130.7537,31.212],[130.7668,31.1806],[130.7441,31.1315],[130.658,31.0714],[130.6781,31.0616],[130.6567,31.0069],[130.6829,31.0039],[130.7158,31.0423],[130.798,31.0838],[130.9627,31.1384],[131.0175,31.2281],[131.0665,31.2279],[131.111,31.2658],[131.0735,31.2915],[131.0992,31.3322],[131.017,31.3571],[131.0192,31.3908],[131.0604,31.4462],[131.1107,31.4762],[131.1603,31.4619],[131.1721,31.5021],[131.1969,31.5116],[131.2055,31.58],[131.1884,31.6246],[131.1589,31.6371],[131.1278,31.6265],[131.0793,31.6602],[131.0543,31.6335],[131.0242,31.6741],[131.0152,31.7488],[130.9781,31.7589],[130.987,31.7802],[130.8845,31.8054],[130.8762,31.8442],[130.8977,31.8885],[130.8782,31.9222],[130.8053,31.9498],[130.7769,32.0165],[130.7039,32.0577],[130.7206,32.1008],[130.6227,32.1561],[130.6105,32.1867],[130.5402,32.1374],[130.4769,32.139],[130.4671,32.1157],[130.4027,32.1202],[130.3867,32.1474],[130.3608,32.1686]]],[[[130.3035,30.8084],[130.2654,30.7791],[130.3216,30.7914],[130.3035,30.8084]]],[[[130.4277,30.8197],[130.4117,30.8103],[130.4418,30.8002],[130.4277,30.8197]]],[[[129.9392,30.8515],[129.9049,30.8313],[129.9172,30.8174],[129.9646,30.8301],[129.9392,30.8515]]],[[[131.0329,30.5875],[131.0551,30.6049],[131.0498,30.6468],[131.0778,30.6956],[131.0834,30.7827],[131.0553,30.8389],[130.9416,30.6725],[130.9451,30.5712],[130.8695,30.4638],[130.851,30.4682],[130.87,30.3471],[130.9642,30.3734],[130.9785,30.4029],[130.9626,30.4786],[130.9994,30.5481],[131.0352,30.5751],[131.0329,30.5875]]],[[[129.259,28.3234],[129.2126,28.3026],[129.2273,28.2736],[129.1417,28.2574],[129.1523,28.2368],[129.2953,28.2195],[129.2645,28.1933],[129.2894,28.1896],[129.2959,28.151],[129.3768,28.1113],[129.337,28.1671],[129.4017,28.1561],[129.4063,28.1936],[129.4695,28.2123],[129.4264,28.2415],[129.46,28.2681],[129.4618,28.2974],[129.5377,28.3065],[129.5368,28.3305],[129.5624,28.3328],[129.6137,28.401],[129.6659,28.399],[129.709,28.4212],[129.7172,28.4708],[129.69,28.5308],[129.6769,28.5266],[129.6573,28.5],[129.6735,28.4578],[129.6397,28.4167],[129.6065,28.4357],[129.6156,28.4775],[129.5612,28.4534],[129.5443,28.4625],[129.5077,28.3991],[129.4564,28.4113],[129.45,28.3823],[129.3995,28.3803],[129.3666,28.3546],[129.3391,28.3685],[129.2935,28.3273],[129.259,28.3234]]],[[[129.1844,28.3058],[129.2074,28.2823],[129.2125,28.2984],[129.1844,28.3058]]],[[[130.498,30.4695],[130.3766,30.3757],[130.4428,30.2368],[130.5216,30.2266],[130.5856,30.2404],[130.6537,30.2994],[130.6632,30.386],[130.5218,30.447],[130.498,30.4695]]],[[[130.1469,30.4903],[130.21,30.4254],[130.2659,30.4399],[130.2354,30.47],[130.1557,30.4851],[130.1469,30.4903]]],[[[129.2139,28.055],[129.2115,28.0228],[129.2694,28.0173],[129.2657,28.0365],[129.2358,28.031],[129.2139,28.055]]],[[[129.1725,28.0689],[129.1477,28.0139],[129.1721,28.0487],[129.1725,28.0689]]],[[[129.2094,28.2012],[129.1851,28.1737],[129.2289,28.0892],[129.2588,28.1068],[129.2836,28.0628],[129.2915,28.0905],[129.3206,28.0968],[129.3159,28.0737],[129.3402,28.0764],[129.3411,28.1138],[129.2906,28.1085],[129.2672,28.1356],[129.2459,28.128],[129.2714,28.1639],[129.227,28.1553],[129.2052,28.1834],[129.2094,28.2012]]],[[[130.2573,32.3064],[130.2137,32.28],[130.2135,32.2524],[130.2692,32.2825],[130.2573,32.3064]]],[[[130.1743,32.2294],[130.1057,32.2135],[130.0964,32.185],[130.113,32.1254],[130.1572,32.0895],[130.1794,32.1371],[130.2053,32.1488],[130.1852,32.2094],[130.1743,32.2294]]],[[[130.8576,30.7658],[130.8383,30.727],[130.868,30.741],[130.8576,30.7658]]],[[[129.7851,31.7911],[129.7739,31.7403],[129.7057,31.7225],[129.6822,31.6626],[129.6588,31.66],[129.6662,31.6411],[129.6966,31.6228],[129.7378,31.6548],[129.7255,31.6711],[129.7395,31.706],[129.7687,31.7128],[129.7967,31.7824],[129.7851,31.7911]]],[[[129.8396,31.8191],[129.8205,31.8127],[129.8161,31.7804],[129.8356,31.7975],[129.8396,31.8191]]],[[[129.8521,31.883],[129.8171,31.8617],[129.8216,31.8483],[129.8425,31.8599],[129.874,31.8094],[129.93,31.8244],[129.9238,31.8616],[129.9098,31.8653],[129.9107,31.843],[129.8736,31.868],[129.8521,31.883]]],[[[129.2013,29.159],[129.1867,29.1534],[129.2201,29.1267],[129.2186,29.1586],[129.2013,29.159]]],[[[129.5953,29.4771],[129.5963,29.4453],[129.6202,29.4502],[129.6095,29.4722],[129.5953,29.4771]]],[[[129.7401,29.6718],[129.6836,29.652],[129.698,29.6033],[129.7393,29.6402],[129.7401,29.6718]]],[[[129.8518,29.8837],[129.8341,29.86],[129.8606,29.822],[129.9155,29.8209],[129.8863,29.8725],[129.8518,29.8837]]],[[[129.5368,29.9164],[129.5322,29.8958],[129.5501,29.9076],[129.5368,29.9164]]],[[[129.9167,30.0074],[129.9008,29.9741],[129.9345,29.949],[129.9472,29.9599],[129.9226,29.989],[129.9167,30.0074]]],[[[130.0192,28.3785],[129.9231,28.3238],[129.9152,28.2965],[129.954,28.2758],[129.9778,28.288],[130.0338,28.3682],[130.0192,28.3785]]],[[[128.9081,27.8926],[128.8791,27.8265],[128.9062,27.7655],[128.881,27.7223],[128.9362,27.661],[128.9976,27.6845],[129.0377,27.7682],[128.9664,27.8237],[128.9717,27.8552],[128.956,27.8628],[128.9759,27.8726],[128.9695,27.8929],[128.9276,27.8886],[128.9081,27.8926]]],[[[128.5777,27.4011],[128.5296,27.402],[128.5201,27.3732],[128.5502,27.3324],[128.6069,27.3447],[128.7112,27.4389],[128.5911,27.3995],[128.5777,27.4011]]],[[[128.432,27.0681],[128.4152,27.0599],[128.423,27.0233],[128.4574,27.0236],[128.4405,27.0658],[128.432,27.0681]]]]}},{"type":"Feature","properties":{"id":47,"name_ja":"沖縄県"},"geometry":{"type":"MultiPolygon","coordinates":[[[[127.6438,26.1774],[127.6693,26.1522],[127.6566,26.0844],[127.6804,26.0749],[127.8298,26.1654],[127.8211,26.1917],[127.7778,26.1725],[127.7657,26.2048],[127.8113,26.2985],[127.8626,26.3445],[127.9236,26.3021],[127.8729,26.362],[127.8713,26.3881],[127.8267,26.4228],[127.8693,26.4575],[127.9445,26.4422],[127.9538,26.4739],[127.9911,26.4751],[127.9916,26.5042],[128.053,26.5204],[128.0357,26.5482],[128.0908,26.5363],[128.1397,26.5559],[128.1236,26.6027],[128.1516,26.5978],[128.1456,26.6232],[128.2386,26.6319],[128.3171,26.7346],[128.3261,26.7825],[128.3037,26.8459],[128.2467,26.868],[128.2312,26.7973],[128.1554,26.7403],[128.144,26.7088],[128.1181,26.7033],[128.0787,26.6443],[128.0067,26.6306],[127.9888,26.6554],[128.0058,26.6879],[127.9589,26.7072],[127.8802,26.7036],[127.8949,26.6066],[127.983,26.585],[127.976,26.559],[127.9191,26.5178],[127.8402,26.4956],[127.8017,26.4403],[127.7419,26.4223],[127.7145,26.4409],[127.7601,26.3099],[127.6351,26.2004],[127.6438,26.1774]]],[[[124.3165,24.6121],[124.2826,24.5588],[124.2939,24.5483],[124.275,24.5047],[124.2585,24.5197],[124.2293,24.4979],[124.2229,24.4554],[124.1526,24.4545],[124.1336,24.4759],[124.1106,24.4442],[124.0806,24.4492],[124.0699,24.4288],[124.1206,24.4345],[124.1431,24.4138],[124.1115,24.3671],[124.1698,24.3299],[124.2498,24.3594],[124.251,24.4627],[124.3344,24.5711],[124.3381,24.605],[124.3165,24.6121]]],[[[123.0066,24.4744],[122.9626,24.4726],[122.9402,24.4441],[123.012,24.4374],[123.0386,24.4629],[123.0066,24.4744]]],[[[128.0201,26.6806],[127.9971,26.6562],[128.0319,26.659],[128.0201,26.6806]]],[[[127.9376,26.9557],[127.9197,26.9479],[127.9215,26.9191],[127.9389,26.9119],[127.9553,26.9458],[127.9376,26.9557]]],[[[126.7761,26.3913],[126.7094,26.3674],[126.7999,26.2936],[126.8239,26.3464],[126.8047,26.3705],[126.7761,26.3913]]],[[[127.9657,26.3651],[127.9462,26.3506],[127.9594,26.3383],[127.97,26.355],[127.9657,26.3651]]],[[[127.988,26.3851],[127.9706,26.3554],[127.9957,26.3682],[127.988,26.3851]]],[[[125.1417,24.8426],[125.1618,24.8025],[125.1755,24.814],[125.1579,24.8323],[125.1417,24.8426]]],[[[125.1633,24.8654],[125.1553,24.8372],[125.1775,24.8118],[125.2213,24.8138],[125.2122,24.8438],[125.1789,24.8616],[125.1633,24.8654]]],[[[125.267,24.9148],[125.2965,24.8455],[125.2561,24.7944],[125.2841,24.7515],[125.2536,24.7533],[125.2608,24.7357],[125.3089,24.7116],[125.4497,24.7256],[125.4333,24.761],[125.3316,24.8051],[125.285,24.8829],[125.267,24.9148]]],[[[123.7871,24.0718],[123.7542,24.0629],[123.7604,24.0485],[123.7954,24.0459],[123.8071,24.0665],[123.7871,24.0718]]],[[[124.0042,24.2539],[123.991,24.2473],[124.0013,24.2242],[124.0303,24.2378],[124.0042,24.2539]]],[[[124.0869,24.3405],[124.0802,24.3134],[124.102,24.3209],[124.0869,24.3405]]],[[[123.9744,24.3548],[123.963,24.3327],[123.9936,24.3235],[123.9923,24.3468],[123.9744,24.3548]]],[[[123.782,24.4373],[123.746,24.3888],[123.7481,24.3223],[123.6831,24.3309],[123.6617,24.3084],[123.6802,24.2833],[123.719,24.2783],[123.7231,24.2996],[123.8806,24.2562],[123.9385,24.3656],[123.87,24.4046],[123.8325,24.4075],[123.817,24.3911],[123.8119,24.4113],[123.782,24.4373]]],[[[128.0167,26.7145],[128.0115,26.6993],[128.0277,26.7103],[128.0167,26.7145]]],[[[127.8079,26.7391],[127.7489,26.7223],[127.8109,26.7069],[127.829,26.724],[127.8079,26.7391]]],[[[127.3572,26.2265],[127.3448,26.1542],[127.3633,26.1567],[127.3721,26.2153],[127.3572,26.2265]]],[[[127.2809,26.2115],[127.2677,26.1967],[127.2934,26.1944],[127.2809,26.2115]]],[[[127.3101,26.252],[127.2915,26.2271],[127.3142,26.2274],[127.3101,26.252]]],[[[127.2313,26.6021],[127.2081,26.576],[127.2482,26.5863],[127.2313,26.6021]]],[[[127.1469,26.382],[127.1371,26.3658],[127.1497,26.3631],[127.1469,26.382]]],[[[131.2407,25.8724],[131.2206,25.8666],[131.2135,25.8229],[131.2335,25.8126],[131.2674,25.8301],[131.2652,25.8669],[131.2407,25.8724]]],[[[131.2859,25.961],[131.3054,25.9284],[131.3321,25.9511],[131.2859,25.961]]],[[[128.0208,27.0945],[127.9331,27.0219],[127.9633,27.0219],[128.0012,27.0748],[128.0208,27.0945]]],[[[124.7108,24.6774],[124.6729,24.6652],[124.6754,24.6433],[124.7082,24.6381],[124.7265,24.6668],[124.7108,24.6774]]]]}}]}