{"type":"FeatureCollection","name":"omoi-world-110m","source":"world-atlas / Natural Earth 110m","source_url":"https://github.com/topojson/world-atlas","license":"ISC; Natural Earth data public domain","features":[{"type":"Feature","properties":{"name":"Fiji"},"geometry":{"type":"MultiPolygon","coordinates":[[[[178.1244,-17.5056],[178.3728,-17.3397],[178.7184,-17.6291],[178.5528,-18.1504],[177.3828,-18.164],[177.2856,-17.7239],[177.6708,-17.3803],[178.1244,-17.5056]]],[[[-180,-16.556],[-179.7948,-16.0212],[-180,-16.0669],[-180,-16.556]]],[[[178.596,-16.639],[178.7256,-17.0113],[180,-16.556],[180,-16.0669],[179.0964,-16.4342],[178.596,-16.639]]]]}},{"type":"Feature","properties":{"name":"Tanzania"},"geometry":{"type":"MultiPolygon","coordinates":[[[[33.9033,-0.9506],[37.6978,-3.0968],[37.7662,-3.6774],[39.2026,-4.676],[38.7418,-5.9081],[38.7994,-6.4752],[39.4402,-6.8407],[39.1882,-8.4859],[39.9514,-10.0989],[40.315,-10.3173],[39.5194,-10.8961],[36.5134,-11.7204],[34.5585,-11.5207],[34.2813,-10.1599],[33.7413,-9.4168],[30.7389,-8.3404],[30.1989,-7.0794],[29.6193,-6.5209],[29.3385,-4.4999],[29.7525,-4.4525],[30.7533,-3.3592],[30.4689,-2.413],[30.7569,-2.2878],[30.8145,-1.6988],[30.4185,-1.1351],[31.8657,-1.0268],[33.9033,-0.9506]]]]}},{"type":"Feature","properties":{"name":"W. Sahara"},"geometry":{"type":"MultiPolygon","coordinates":[[[[-8.6671,27.657],[-8.6887,25.8815],[-11.9683,25.934],[-11.9359,23.3748],[-12.8755,23.2851],[-13.1203,22.7706],[-12.9295,21.3268],[-16.8464,21.3336],[-17.0624,21.0002],[-17.0192,21.4216],[-14.7511,21.5011],[-14.2219,22.3102],[-13.8907,23.6913],[-12.5011,24.7695],[-11.3923,26.8835],[-8.7931,27.1204],[-8.8183,27.657],[-8.6671,27.657]]]]}},{"type":"Feature","properties":{"name":"Canada"},"geometry":{"type":"MultiPolygon","coordinates":[[[[-122.8386,49.0001],[-125.6251,50.4168],[-127.4359,50.8298],[-127.9939,51.715],[-127.8499,52.3294],[-129.1315,52.7559],[-129.3043,53.5616],[-130.5139,54.2877],[-130.5355,54.8022],[-129.9811,55.2846],[-130.0063,55.9159],[-131.7091,56.5523],[-133.3543,58.4108],[-135.4748,59.7885],[-137.4512,58.905],[-139.0388,60.0001],[-140.9972,60.3064],[-140.9864,69.712],[-136.5044,68.8979],[-134.4163,69.6274],[-132.9295,69.5055],[-129.7939,70.1944],[-129.1063,69.7797],[-128.3611,70.0133],[-128.1379,70.4838],[-125.7547,69.4801],[-124.4262,70.1588],[-124.2894,69.3989],[-122.6838,69.8559],[-121.4706,69.7983],[-117.6042,69.0113],[-115.2462,68.9063],[-113.8997,68.3986],[-115.3038,67.9026],[-113.4965,67.6877],[-109.9469,67.9805],[-108.8813,67.3813],[-107.7941,67.8874],[-108.8129,68.3122],[-108.1685,68.6541],[-106.1489,68.7997],[-104.338,68.0177],[-103.222,68.0973],[-101.4544,67.6471],[-98.4448,67.7825],[-98.56,68.4036],[-97.6708,68.578],[-96.1192,68.2395],[-96.1264,67.2933],[-95.4892,68.0905],[-94.6863,68.0634],[-94.2327,69.0688],[-96.472,70.0894],[-96.3928,71.1947],[-95.2084,71.9208],[-92.8791,71.3182],[-91.5183,70.191],[-92.4075,69.7001],[-90.5463,69.497],[-90.5499,68.4747],[-89.2143,69.2584],[-88.0191,68.6152],[-88.3179,67.8739],[-87.3495,67.1985],[-85.5783,68.7845],[-85.5207,69.8829],[-82.6226,69.6578],[-81.2798,69.1619],[-81.2186,68.666],[-81.9638,68.1328],[-81.2582,67.598],[-81.3878,67.1105],[-83.3462,66.4115],[-84.7358,66.2575],[-85.7691,66.5588],[-87.3243,64.7748],[-88.4835,64.0995],[-89.9127,64.0335],[-90.7047,63.6103],[-90.7695,62.9604],[-91.9323,62.8351],[-94.2399,60.8988],[-94.6287,60.1101],[-94.6863,58.949],[-93.2139,58.7814],[-92.2959,57.0872],[-90.8991,57.2852],[-89.0379,56.8519],[-87.3243,55.9989],[-85.0131,55.3032],[-82.2734,55.1475],[-82.4354,54.2826],[-82.1258,53.2772],[-81.4022,52.1585],[-79.9118,51.2089],[-79.1414,51.5339],[-78.6014,52.5613],[-79.1234,54.1421],[-79.829,54.6685],[-78.227,55.1357],[-77.0966,55.8381],[-76.5422,56.5337],[-76.625,57.2023],[-77.3018,58.052],[-78.5186,58.8051],[-77.3378,59.8528],[-78.1082,62.3189],[-77.4098,62.5508],[-74.6665,62.1818],[-73.8385,62.4441],[-71.6785,61.5251],[-71.3725,61.1375],[-69.5905,61.0613],[-69.2881,58.9575],[-68.3737,58.8018],[-67.6501,58.2127],[-66.2029,58.7679],[-64.5828,60.3352],[-61.3968,56.967],[-61.8,56.3391],[-59.568,55.2034],[-57.3324,54.6262],[-56.9364,53.7799],[-56.1588,53.6479],[-55.7556,53.2705],[-55.6836,52.1466],[-57.1272,51.4205],[-58.776,51.0651],[-60.0324,50.2425],[-66.3973,50.2289],[-67.2361,49.5113],[-68.5105,49.0679],[-71.1061,46.8218],[-70.2565,46.986],[-68.6509,48.2994],[-66.5521,49.1339],[-65.0581,49.232],[-64.1724,48.7429],[-65.1157,48.0709],[-64.4712,46.2379],[-63.1716,45.7386],[-61.5192,45.8841],[-60.5184,47.008],[-60.45,46.2819],[-59.802,45.9197],[-61.0404,45.2647],[-64.248,44.2661],[-65.3641,43.545],[-66.1237,43.6195],[-66.1633,44.4658],[-64.4244,45.2918],[-67.1389,45.1377],[-67.7905,45.703],[-67.7905,47.0656],[-69.2377,47.4481],[-70.0009,46.6932],[-70.6597,45.4593],[-71.5057,45.0074],[-74.8681,45.0006],[-76.8194,43.628],[-78.7202,43.6246],[-79.1702,43.4672],[-78.9398,42.8629],[-82.439,41.6748],[-83.141,41.976],[-82.1366,43.5704],[-82.5506,45.3476],[-83.5946,45.8164],[-83.4686,45.9942],[-84.1418,46.5121],[-84.6062,46.4393],[-84.8762,46.8997],[-88.3791,48.3028],[-89.2719,48.0202],[-91.6407,48.1403],[-94.3299,48.6701],[-94.8159,49.3894],[-95.1544,49.3844],[-95.158,49.0001],[-119.9982,49.0001],[-122.8386,49.0001]]],[[[-83.9942,62.4526],[-83.249,62.9147],[-81.8774,62.9045],[-83.069,62.1598],[-83.7746,62.1818],[-83.9942,62.4526]]],[[[-79.775,72.8026],[-80.8766,73.3324],[-80.8334,73.6929],[-78.065,73.6523],[-76.3406,73.1022],[-76.2506,72.8263],[-79.487,72.7417],[-79.775,72.8026]]],[[[-80.315,62.0853],[-79.9298,62.3849],[-79.2674,62.1581],[-79.6562,61.6334],[-80.3618,62.0159],[-80.315,62.0853]]],[[[-93.6135,74.9792],[-94.1571,74.5916],[-96.8212,74.9285],[-96.2884,75.3787],[-94.8519,75.6478],[-93.9771,75.2957],[-93.6135,74.9792]]],[[[-93.8403,77.5198],[-96.1696,77.5553],[-96.436,77.8346],[-93.7215,77.6349],[-93.8403,77.5198]]],[[[-96.7528,78.7655],[-95.5576,78.4185],[-95.8312,78.0563],[-97.3108,77.8498],[-98.1244,78.0834],[-98.632,78.8721],[-97.336,78.8315],[-96.7528,78.7655]]],[[[-88.1487,74.3919],[-92.4219,74.8371],[-92.8899,75.8831],[-93.8943,76.3197],[-97.12,76.7513],[-96.7456,77.1609],[-91.6047,76.7784],[-90.7407,76.4501],[-90.9711,76.0743],[-89.1855,75.6106],[-81.1286,75.7138],[-80.0558,75.3364],[-79.8326,74.9234],[-81.9494,74.4427],[-86.0967,74.4105],[-88.1487,74.3919]]],[[[-111.2645,78.1528],[-109.8533,77.9971],[-110.1881,77.6975],[-112.0529,77.4097],[-113.5325,77.733],[-112.7261,78.0512],[-111.2645,78.1528]]],[[[-110.9621,78.8044],[-109.6625,78.6013],[-112.5425,78.4084],[-111.4985,78.8501],[-110.9621,78.8044]]],[[[-55.6008,51.3173],[-56.796,49.8126],[-56.1444,50.1494],[-55.4712,49.9361],[-55.824,49.5875],[-53.4767,49.249],[-53.7863,48.5161],[-53.0879,48.687],[-52.6487,47.5361],[-53.0699,46.656],[-54.1787,46.8066],[-53.9627,47.6258],[-54.2399,47.7527],[-55.3992,46.8844],[-55.9968,46.92],[-55.2912,47.3888],[-56.2524,47.6326],[-59.2656,47.6038],[-59.4204,47.9],[-58.7976,48.252],[-59.2332,48.5228],[-58.3908,49.1254],[-57.3576,50.7181],[-56.7384,51.2868],[-55.4064,51.5881],[-55.6008,51.3173]]],[[[-83.8826,65.1099],[-81.6434,64.4549],[-81.5534,63.9793],[-80.819,64.0571],[-80.1026,63.7254],[-80.9918,63.4106],[-82.547,63.6509],[-83.1086,64.1012],[-85.5243,63.0518],[-85.8663,63.6374],[-87.2235,63.5409],[-86.3523,64.0351],[-85.8843,65.7396],[-85.1607,65.6566],[-84.977,65.2182],[-84.4622,65.3723],[-83.8826,65.1099]]],[[[-78.7706,72.3524],[-77.8238,72.7501],[-74.2273,71.7668],[-74.0977,71.3301],[-72.2437,71.5569],[-71.1997,70.9205],[-68.7877,70.5244],[-67.9165,70.1216],[-66.9697,69.1856],[-68.8057,68.7201],[-64.8636,67.8468],[-63.4236,66.9277],[-61.8504,66.8617],[-62.1636,66.161],[-63.9168,64.9982],[-66.7213,66.3878],[-68.0137,66.2626],[-68.1397,65.6905],[-65.3209,64.3821],[-64.6692,63.3937],[-65.0149,62.6743],[-68.7841,63.7457],[-66.3289,62.28],[-66.1669,61.9313],[-68.8777,62.3307],[-71.0233,62.9113],[-72.2365,63.3971],[-71.8873,63.6797],[-74.8357,64.6783],[-74.8177,64.3889],[-77.7086,64.2298],[-78.5546,64.5734],[-77.8958,65.3096],[-73.9609,65.4552],[-74.2921,65.8123],[-73.9465,66.3099],[-72.6505,67.2849],[-73.3129,68.0702],[-76.8698,68.8945],[-76.229,69.1484],[-77.2874,69.7695],[-78.9578,70.1673],[-79.4942,69.8711],[-81.305,69.7425],[-88.6815,70.411],[-89.5131,70.7614],[-88.4691,71.2184],[-89.8875,71.2217],[-90.2043,72.2356],[-89.4375,73.1293],[-88.4079,73.5372],[-85.8267,73.8046],[-86.5611,73.158],[-85.7727,72.5335],[-84.851,73.3408],[-82.3166,73.7504],[-80.5994,72.7163],[-80.7506,72.0613],[-78.7706,72.3524]]],[[[-94.5027,74.1346],[-90.5103,73.8571],[-92.0043,72.9668],[-93.1959,72.7721],[-94.2687,72.024],[-95.41,72.0613],[-96.0328,72.9397],[-96.0184,73.4373],[-95.4964,73.8621],[-94.5027,74.1346]]],[[[-122.8566,76.1166],[-119.1054,77.513],[-116.2002,77.645],[-116.337,76.8766],[-117.1074,76.5296],[-121.4994,75.9],[-122.8566,76.1166]]],[[[-132.7099,54.0406],[-131.7487,54.1201],[-132.0511,52.9844],[-131.1799,52.1805],[-131.5795,52.1822],[-133.0555,53.411],[-133.1815,54.1692],[-132.7099,54.0406]]],[[[-105.4937,79.302],[-100.8244,78.801],[-99.6724,77.9074],[-105.1769,78.3796],[-104.212,78.6775],[-105.4181,78.9178],[-105.4937,79.302]]],[[[-123.5082,48.5093],[-124.0122,48.3705],[-125.6539,48.8258],[-127.0291,49.8143],[-128.0587,49.9954],[-128.4439,50.5387],[-128.3575,50.7706],[-125.7547,50.295],[-124.9194,49.4758],[-123.9222,49.0628],[-123.5082,48.5093]]],[[[-121.539,74.4495],[-117.5574,74.1854],[-115.5126,73.4745],[-119.2206,72.5199],[-120.459,71.8192],[-120.459,71.3842],[-123.0906,70.9019],[-123.6198,71.3402],[-125.9275,71.8683],[-123.9402,73.6793],[-124.9194,74.2921],[-121.539,74.4495]]],[[[-107.8193,75.8458],[-105.8825,75.9694],[-105.7061,75.4802],[-106.3145,75.0046],[-109.6985,74.8506],[-112.2221,74.4173],[-113.7449,74.3936],[-113.8709,74.7203],[-111.7937,75.162],[-117.7122,75.223],[-116.3478,76.1996],[-115.4046,76.4788],[-112.5893,76.142],[-110.8145,75.5496],[-109.0685,75.4735],[-110.4977,76.4298],[-109.5797,76.7937],[-108.5501,76.6786],[-108.2117,76.2013],[-107.8193,75.8458]]],[[[-106.5233,73.0768],[-105.4037,72.6723],[-104.464,70.9933],[-100.9792,70.0251],[-101.0908,69.585],[-102.7324,69.5038],[-102.0916,69.1196],[-102.43,68.7523],[-105.9617,69.1805],[-113.3129,68.5357],[-113.8565,69.0079],[-116.1066,69.1687],[-117.3414,69.9608],[-112.4165,70.367],[-117.9066,70.5413],[-118.4322,70.9086],[-116.1138,71.3098],[-119.4006,71.5586],[-117.867,72.7061],[-115.1886,73.3138],[-114.1661,73.1208],[-114.6665,72.652],[-112.4417,72.9549],[-111.0521,72.4505],[-109.9217,72.9617],[-109.0073,72.6333],[-108.1901,71.6517],[-107.6861,72.0646],[-108.3953,73.0903],[-107.5169,73.2359],[-106.5233,73.0768]]],[[[-100.4392,72.7061],[-101.5408,73.3595],[-100.3564,73.8435],[-97.3792,73.7606],[-97.12,73.4695],[-98.0524,72.9905],[-96.5404,72.5606],[-96.7204,71.6601],[-98.3584,71.2725],[-99.3232,71.3572],[-102.4984,72.5098],[-102.4804,72.8297],[-100.4392,72.7061]]],[[[-106.5989,73.5998],[-104.5,73.4204],[-105.3785,72.7603],[-106.9409,73.4593],[-106.5989,73.5998]]],[[[-98.4988,76.7192],[-97.7356,76.2571],[-97.7032,75.7443],[-98.1604,74.9995],[-99.8092,74.898],[-100.882,75.0571],[-100.864,75.641],[-102.502,75.5632],[-102.5668,76.3367],[-98.578,76.5889],[-98.4988,76.7192]]],[[[-96.0148,80.6019],[-94.2975,80.9777],[-94.7367,81.2062],[-92.4111,81.2569],[-91.1331,80.7238],[-87.8103,80.3193],[-87.0183,79.6592],[-85.8159,79.3376],[-89.0343,78.2865],[-92.8755,78.344],[-93.9519,78.7503],[-93.9375,79.1142],[-93.1455,79.3799],[-94.9743,79.3731],[-96.7096,80.1585],[-96.0148,80.6019]]],[[[-91.5867,81.895],[-86.9715,82.2792],[-85.4991,82.6516],[-83.1806,82.3199],[-82.421,82.8598],[-79.307,83.1306],[-72.8305,83.2338],[-61.8504,82.6279],[-61.8936,82.3622],[-67.6573,81.5007],[-65.4793,81.5057],[-69.4681,80.6171],[-71.1817,79.7996],[-76.9094,79.3223],[-75.5306,79.1971],[-76.2218,79.0194],[-75.3938,78.5251],[-79.7606,77.21],[-79.6202,76.9832],[-77.9102,77.0221],[-77.8886,76.7784],[-80.5598,76.1776],[-83.1734,76.4534],[-89.4915,76.4721],[-89.6175,76.9528],[-87.7671,77.1779],[-88.2603,77.9006],[-84.977,77.5384],[-86.3415,78.1799],[-87.9615,78.3711],[-87.1515,78.7587],[-85.3803,78.9974],[-85.0959,79.346],[-86.5071,79.737],[-86.9319,80.2516],[-83.4074,80.0992],[-81.8486,80.4648],[-87.5979,80.5156],[-91.3671,81.5531],[-91.5867,81.895]]],[[[-75.2174,67.444],[-76.9886,67.0987],[-77.237,67.5878],[-76.8122,68.1481],[-75.8942,68.2869],[-75.113,68.011],[-75.1022,67.5827],[-75.2174,67.444]]],[[[-96.256,69.4903],[-95.6476,69.1077],[-96.2704,68.7574],[-97.6168,69.0604],[-98.4304,68.9503],[-99.7984,69.4006],[-98.218,70.1436],[-96.5584,69.6798],[-96.256,69.4903]]],[[[-64.518,49.8735],[-62.8584,49.7059],[-61.8072,49.1051],[-63.5892,49.4013],[-64.518,49.8735]]],[[[-64.014,47.0368],[-63.6648,46.5493],[-62.0124,46.4427],[-62.8728,45.9688],[-64.1436,46.3919],[-64.392,46.727],[-64.014,47.0368]]]]}},{"type":"Feature","properties":{"name":"United States of America"},"geometry":{"type":"MultiPolygon","coordinates":[[[[-122.8386,49.0001],[-95.158,49.0001],[-95.1544,49.3844],[-94.8159,49.3894],[-94.3299,48.6701],[-91.6407,48.1403],[-89.2719,48.0202],[-88.3791,48.3028],[-84.8762,46.8997],[-84.6062,46.4393],[-84.1418,46.5121],[-83.4686,45.9942],[-83.5946,45.8164],[-82.5506,45.3476],[-82.1366,43.5704],[-83.1194,42.0793],[-82.691,41.6748],[-78.9398,42.8629],[-79.1702,43.4672],[-78.7202,43.6246],[-76.8194,43.628],[-74.8681,45.0006],[-71.5057,45.0074],[-70.6597,45.4593],[-70.0009,46.6932],[-69.2377,47.4481],[-67.7905,47.0656],[-67.7905,45.703],[-66.9661,44.8094],[-70.1161,43.6838],[-70.8145,42.8646],[-70.8253,42.3349],[-70.4941,41.8051],[-70.0801,41.7797],[-70.1845,42.1453],[-69.8857,41.9236],[-69.9649,41.6375],[-73.7089,40.9317],[-72.2401,41.1196],[-71.9449,40.93],[-73.9537,40.7506],[-74.2561,40.473],[-73.9609,40.4273],[-74.1769,39.7097],[-74.9077,38.9396],[-75.527,39.4981],[-75.0554,38.4047],[-75.941,37.2166],[-75.7214,37.9376],[-76.2326,38.3184],[-76.3514,39.1495],[-76.5422,38.7179],[-76.3298,38.0831],[-76.9886,38.2406],[-76.301,37.9173],[-76.2578,36.9661],[-75.9734,36.8967],[-75.7286,35.5511],[-76.3622,34.808],[-77.399,34.5118],[-79.0622,33.4946],[-81.3374,31.4399],[-81.3122,30.035],[-80.0558,26.8801],[-80.3798,25.2062],[-81.1718,25.2011],[-81.7082,25.8696],[-82.8566,27.8855],[-82.6514,28.5507],[-83.7098,29.9369],[-84.0986,30.0892],[-85.1103,29.6356],[-86.3991,30.4006],[-89.5923,30.1603],[-89.2179,29.2903],[-89.4087,29.16],[-90.8811,29.1481],[-91.6263,29.6762],[-92.4975,29.5526],[-93.2247,29.7845],[-94.6899,29.4799],[-97.1416,27.8296],[-97.3792,26.6905],[-97.1416,25.8696],[-97.5304,25.8392],[-99.0208,26.3706],[-99.5212,27.5402],[-100.9576,29.38],[-101.6632,29.7795],[-102.4804,29.7608],[-103.1104,28.9704],[-103.9384,29.27],[-104.4568,29.5713],[-105.0365,30.6443],[-106.5089,31.7547],[-108.2405,31.7547],[-108.2405,31.3417],[-111.0233,31.3349],[-114.8141,32.5248],[-114.7205,32.7211],[-117.129,32.5349],[-117.2946,33.0461],[-118.5186,34.0278],[-120.6246,34.6083],[-120.7434,35.1567],[-121.7154,36.1621],[-122.511,37.7836],[-123.7278,38.9514],[-123.8646,39.7672],[-124.3974,40.3139],[-124.2138,41.9997],[-124.5342,42.7665],[-123.9006,45.5236],[-124.0806,46.8641],[-124.6854,48.1843],[-124.5666,48.379],[-123.1194,48.0405],[-122.5866,47.096],[-122.3382,47.3601],[-122.5002,48.1793],[-122.8386,49.0001]]],[[[-155.401,20.0794],[-154.8069,19.509],[-155.689,18.9166],[-156.0742,19.7037],[-155.7862,20.2487],[-155.401,20.0794]]],[[[-155.995,20.7649],[-156.4162,20.5719],[-156.7114,20.9274],[-156.2578,20.9172],[-155.995,20.7649]]],[[[-156.7582,21.1762],[-157.2514,21.2202],[-156.7582,21.1762]]],[[[-158.0254,21.7178],[-157.7086,21.2642],[-158.2918,21.579],[-158.0254,21.7178]]],[[[-159.3646,22.2154],[-159.4654,21.8837],[-159.8002,22.0648],[-159.595,22.2357],[-159.3646,22.2154]]],[[[-166.4675,60.3843],[-165.6755,60.2929],[-165.5783,59.9104],[-166.1939,59.7547],[-167.4539,60.2133],[-166.4675,60.3843]]],[[[-153.2301,57.969],[-152.1429,57.5916],[-154.0041,56.7351],[-154.5153,56.9924],[-154.6701,57.4612],[-153.7629,57.8167],[-153.2301,57.969]]],[[[-140.9864,69.712],[-140.9972,60.3064],[-139.0388,60.0001],[-137.4512,58.905],[-135.4748,59.7885],[-133.3543,58.4108],[-131.7091,56.5523],[-130.0063,55.9159],[-129.9811,55.2846],[-130.5355,54.8022],[-131.9683,55.4979],[-132.2491,56.3695],[-133.5379,57.1786],[-134.0779,58.123],[-136.6268,58.2127],[-139.8668,59.538],[-142.574,60.0847],[-143.96,59.9984],[-147.1137,60.8853],[-148.2261,60.6737],[-148.0173,59.9781],[-151.7181,59.1555],[-151.8585,59.7445],[-151.4085,60.7262],[-150.3465,61.0342],[-150.6201,61.2847],[-154.0185,59.3501],[-153.2877,58.8644],[-154.2309,58.1467],[-156.3082,57.4223],[-156.5566,56.9806],[-158.119,56.4643],[-158.4322,55.9938],[-163.069,54.6905],[-164.941,54.5721],[-161.8054,55.8956],[-160.5634,56.0073],[-158.6842,57.0161],[-157.723,57.5696],[-157.5502,58.3278],[-157.0426,58.9185],[-158.1946,58.6156],[-158.5186,58.7882],[-159.0586,58.4243],[-159.7102,58.9321],[-159.9802,58.5733],[-160.3546,59.0709],[-161.9674,58.6714],[-161.8738,59.6328],[-162.5182,59.9899],[-163.8178,59.7987],[-165.3479,60.5079],[-165.3515,61.0732],[-166.1219,61.4997],[-165.7331,62.0752],[-164.563,63.1466],[-163.0654,63.0602],[-162.259,63.5426],[-161.5354,63.4563],[-160.7722,63.766],[-160.9594,64.223],[-161.5174,64.4024],[-160.7794,64.7883],[-162.7594,64.3381],[-163.5478,64.5598],[-164.959,64.4464],[-166.4243,64.6868],[-168.1091,65.6702],[-164.473,66.5774],[-163.6522,66.5774],[-163.789,66.0764],[-161.6794,66.1153],[-165.3911,68.0431],[-166.7627,68.3596],[-166.2047,68.8826],[-164.4298,68.9148],[-163.1698,69.3718],[-162.9322,69.8575],[-161.9098,70.3332],[-159.0406,70.8917],[-158.119,70.824],[-156.5818,71.3572],[-155.0662,71.1473],[-154.3425,70.6971],[-152.2113,70.8308],[-152.2689,70.6006],[-150.7389,70.4296],[-144.9212,69.9896],[-143.5892,70.1521],[-142.0736,69.8525],[-140.9864,69.712]]],[[[-171.7307,63.783],[-168.6887,63.2972],[-169.5311,62.9773],[-171.7919,63.4055],[-171.7307,63.783]]]]}},{"type":"Feature","properties":{"name":"Kazakhstan"},"geometry":{"type":"MultiPolygon","coordinates":[[[[87.3603,49.2151],[86.5971,48.5499],[85.7691,48.4551],[85.7223,47.4531],[85.1643,47.0012],[83.1806,47.3296],[82.4606,45.5389],[79.9658,44.9177],[80.8658,43.1811],[80.1818,42.9205],[80.261,42.3501],[79.1414,42.8562],[75.6386,42.8782],[74.2129,43.2979],[73.6441,43.0914],[73.4893,42.5007],[71.8441,42.846],[71.1853,42.7038],[70.9621,42.2655],[69.0685,41.3836],[68.6329,40.6694],[68.2585,40.6626],[67.9849,41.1365],[66.7141,41.1687],[66.5089,41.9879],[66.0229,41.9946],[66.0985,42.9983],[64.8996,43.7278],[62.0124,43.5044],[61.0584,44.4065],[58.5024,45.5863],[55.9284,44.9956],[55.968,41.3092],[55.4568,41.2601],[54.7547,42.0437],[54.0779,42.3247],[52.5011,41.7831],[52.6919,42.4432],[52.5011,42.7918],[51.3419,43.1337],[50.3051,44.6097],[51.2771,44.5149],[51.3167,45.2461],[53.0411,45.2596],[53.2211,46.2345],[53.0411,46.8523],[51.1907,47.0486],[49.1027,46.3987],[48.5915,46.5612],[48.6959,47.0757],[48.0587,47.7443],[47.3135,47.7155],[46.4675,48.3942],[47.0435,49.1525],[46.7519,49.3556],[47.5511,50.4541],[48.5771,49.8752],[48.7031,50.6047],[50.7659,51.693],[52.3283,51.7184],[55.716,50.6216],[56.778,51.0431],[58.362,51.0634],[59.6436,50.5455],[59.9316,50.8417],[61.3392,50.7993],[61.5876,51.2733],[59.9676,51.9604],[60.9288,52.4479],[60.7416,52.7204],[61.6992,52.9794],[60.9792,53.6648],[61.4364,54.0067],[65.1769,54.3537],[69.0685,55.3845],[70.8649,55.1695],[71.1817,54.1337],[72.2257,54.3774],[73.5073,54.0355],[73.4245,53.4905],[74.3857,53.5464],[76.8914,54.4908],[76.5242,54.1777],[77.8022,53.4042],[80.0342,50.8653],[80.567,51.3883],[81.9458,50.8129],[83.3822,51.0685],[85.5423,49.6924],[86.8311,49.8261],[87.3603,49.2151]]]]}},{"type":"Feature","properties":{"name":"Uzbekistan"},"geometry":{"type":"MultiPolygon","coordinates":[[[[55.968,41.3092],[55.9284,44.9956],[58.5024,45.5863],[61.0584,44.4065],[62.0124,43.5044],[64.8996,43.7278],[66.0985,42.9983],[66.0229,41.9946],[66.5089,41.9879],[66.7141,41.1687],[67.9849,41.1365],[68.2585,40.6626],[68.6329,40.6694],[69.0685,41.3836],[70.9621,42.2655],[71.2609,42.1673],[70.4185,41.5207],[71.1565,41.1433],[71.8693,41.3921],[73.0537,40.8657],[71.7757,40.1464],[70.6021,40.2192],[70.6669,40.9605],[69.3313,40.7286],[68.5357,39.5337],[67.7005,39.5811],[67.4413,39.1393],[68.1757,38.9023],[68.3917,38.1576],[67.8301,37.1455],[66.5197,37.3621],[66.5449,37.9748],[64.1688,38.8922],[62.376,40.0533],[61.8828,41.0841],[60.4644,41.2211],[60.0828,41.4259],[59.9748,42.2231],[58.6284,42.7512],[56.9328,41.8254],[57.0948,41.3227],[55.968,41.3092]]]]}},{"type":"Feature","properties":{"name":"Papua New Guinea"},"geometry":{"type":"MultiPolygon","coordinates":[[[[141.0008,-2.6009],[144.5828,-3.8618],[145.8285,-4.8757],[145.9833,-5.4664],[147.6465,-6.0842],[147.8913,-6.6139],[146.9697,-6.7223],[147.1929,-7.3874],[148.0857,-8.0442],[148.7337,-9.1054],[149.3061,-9.0715],[149.2665,-9.515],[150.0405,-9.6842],[149.7381,-9.8721],[150.8001,-10.2936],[150.6921,-10.583],[147.9129,-10.1311],[146.5665,-8.9429],[146.0481,-8.0679],[144.7448,-7.6295],[143.2868,-8.2456],[143.4128,-8.9835],[142.628,-9.3271],[141.0332,-9.1172],[141.0188,-5.8591],[141.0008,-2.6009]]],[[[152.6397,-3.6604],[153.1401,-4.4999],[152.8269,-4.7657],[152.4057,-3.7891],[150.6633,-2.7414],[150.9405,-2.4993],[152.2401,-3.2407],[152.6397,-3.6604]]],[[[151.3005,-5.8404],[149.7093,-6.3161],[148.3197,-5.7474],[148.4025,-5.4376],[149.8461,-5.5053],[150.1413,-5.0009],[150.2385,-5.5324],[150.8073,-5.4562],[151.6461,-4.7572],[151.5381,-4.1682],[152.1357,-4.1496],[152.3193,-4.8672],[151.9845,-5.4782],[151.4589,-5.5595],[151.3005,-5.8404]]],[[[154.7601,-5.3394],[156.0202,-6.5395],[155.8798,-6.8204],[155.599,-6.9203],[154.7277,-5.9014],[154.6521,-5.0432],[154.7601,-5.3394]]]]}},{"type":"Feature","properties":{"name":"Indonesia"},"geometry":{"type":"MultiPolygon","coordinates":[[[[141.0008,-2.6009],[141.0332,-9.1172],[140.144,-8.2963],[139.1288,-8.0966],[138.8804,-8.381],[137.6132,-8.4114],[138.038,-7.5973],[138.668,-7.3197],[137.9264,-5.3936],[135.9896,-4.5473],[135.1652,-4.4627],[133.6639,-3.5386],[133.3687,-4.0243],[132.9835,-4.1123],[132.7531,-3.3118],[131.9899,-2.8209],[133.7791,-2.479],[133.6963,-2.215],[132.2311,-2.2133],[131.8351,-1.6175],[130.9423,-1.433],[130.5211,-0.9371],[132.3787,-0.3701],[133.9843,-0.7797],[134.4235,-2.7684],[135.4568,-3.3676],[136.292,-2.3064],[137.4404,-1.7038],[138.3296,-1.7021],[139.928,-2.4096],[141.0008,-2.6009]]],[[[124.9698,-8.8921],[125.0887,-9.3931],[124.437,-10.1395],[123.5802,-10.3596],[123.5514,-9.8992],[123.9798,-9.2899],[124.9698,-8.8921]]],[[[134.2111,-6.8949],[134.1139,-6.1417],[134.4991,-5.4444],[134.7259,-6.2145],[134.2111,-6.8949]]],[[[117.8814,4.1372],[117.3126,3.2351],[118.047,2.2872],[117.8742,1.8268],[118.9974,0.9027],[117.813,0.7842],[117.4782,0.1021],[117.5214,-0.8034],[116.5602,-1.4872],[116.1498,-4.0125],[116.0022,-3.657],[114.8645,-4.1073],[114.4685,-3.4962],[113.2553,-3.1188],[112.0673,-3.4776],[111.7037,-2.9953],[110.2241,-2.9343],[110.0693,-1.5921],[109.5725,-1.3145],[109.0901,-0.4598],[108.9533,0.4153],[109.0685,1.3428],[109.6625,2.0063],[109.8317,1.3377],[110.5157,0.7724],[111.7973,0.9044],[112.8593,1.4985],[113.8061,1.2175],[114.6197,1.4308],[115.8654,4.3064],[117.0138,4.3064],[117.8814,4.1372]]],[[[129.3727,-2.8023],[130.4707,-3.0934],[130.8343,-3.8585],[129.9919,-3.4455],[127.9003,-3.393],[128.1343,-2.8429],[129.3727,-2.8023]]],[[[126.8743,-3.7908],[126.1831,-3.608],[125.9887,-3.178],[127.0003,-3.129],[127.2487,-3.459],[126.8743,-3.7908]]],[[[127.9327,2.1738],[128.0047,1.6288],[128.5951,1.5408],[128.6887,1.1329],[128.6347,0.2578],[128.1199,0.356],[127.9687,-0.2516],[128.3791,-0.7797],[128.0983,-0.8999],[127.3999,1.011],[127.6015,1.8099],[127.9327,2.1738]]],[[[122.9286,0.8756],[124.077,0.9179],[125.0671,1.6441],[125.2399,1.4206],[124.437,0.4271],[123.6846,0.2358],[122.7234,0.4305],[120.1818,0.2375],[120.0414,-0.519],[120.9342,-1.4093],[121.4742,-0.9557],[123.339,-0.6155],[123.2598,-1.0759],[122.8242,-0.9303],[122.3886,-1.5176],[121.5066,-1.9052],[122.4534,-3.1865],[122.2734,-3.5301],[123.1698,-4.6844],[123.1626,-5.3411],[122.6298,-5.634],[122.2374,-5.2836],[122.7198,-4.4644],[121.737,-4.852],[121.4886,-4.5744],[121.6182,-4.1885],[120.8982,-3.6029],[120.9738,-2.628],[120.3042,-2.9309],[120.4302,-5.529],[119.7966,-5.6729],[119.3682,-5.3801],[119.6526,-4.4593],[119.4978,-3.4946],[119.0766,-3.4878],[118.767,-2.8023],[120.0342,0.5659],[120.8874,1.3089],[121.6686,1.0144],[122.9286,0.8756]]],[[[120.2934,-10.258],[118.9686,-9.5573],[119.901,-9.361],[120.7758,-9.9703],[120.7146,-10.2394],[120.2934,-10.258]]],[[[121.341,-8.5367],[122.9034,-8.0949],[122.7558,-8.6501],[121.2546,-8.9344],[119.9226,-8.8109],[119.9226,-8.4453],[120.7146,-8.2371],[121.341,-8.5367]]],[[[118.2594,-8.3624],[118.8786,-8.2811],[119.127,-8.7059],[116.7402,-9.0326],[117.0822,-8.4571],[117.633,-8.4487],[117.8994,-8.0949],[118.2594,-8.3624]]],[[[108.4853,-6.4227],[108.6221,-6.7781],[110.5409,-6.878],[110.7605,-6.465],[112.6145,-6.9457],[112.9781,-7.5939],[114.4793,-7.7767],[115.707,-8.3708],[114.5657,-8.7516],[113.4641,-8.3488],[108.2765,-7.7666],[106.4549,-7.3553],[106.2821,-6.9254],[105.3641,-6.8509],[106.0517,-5.8963],[107.2649,-5.9555],[108.0713,-6.3465],[108.4853,-6.4227]]],[[[104.3704,-1.0844],[104.8888,-2.3402],[105.6233,-2.4282],[106.1093,-3.0613],[105.8177,-5.8523],[104.7088,-5.8726],[102.5848,-4.2207],[100.1404,-0.6511],[99.262,0.1834],[98.5996,1.8235],[95.3812,4.9716],[95.2948,5.4794],[97.4836,5.2458],[100.6408,2.0993],[101.6596,2.0841],[102.4984,1.3986],[103.078,0.5608],[103.8376,0.1038],[103.438,-0.712],[104.0104,-1.059],[104.3704,-1.0844]]]]}},{"type":"Feature","properties":{"name":"Argentina"},"geometry":{"type":"MultiPolygon","coordinates":[[[[-68.6329,-52.6363],[-67.7509,-53.8499],[-66.4513,-54.4507],[-65.0509,-54.6995],[-65.5009,-55.2005],[-66.4513,-55.2496],[-66.9589,-54.8976],[-68.6329,-54.8688],[-68.6329,-52.6363]]],[[[-57.624,-30.2167],[-58.4952,-34.4311],[-57.2244,-35.2876],[-57.3612,-35.9781],[-56.7384,-36.4131],[-56.7888,-36.9023],[-57.75,-38.1835],[-59.2332,-38.7201],[-62.3364,-38.8284],[-62.1456,-40.6767],[-62.7468,-41.0287],[-63.7692,-41.1675],[-64.7304,-40.8019],[-65.1193,-41.0643],[-64.9788,-42.0578],[-64.302,-42.3591],[-63.7548,-42.0443],[-63.4596,-42.5639],[-65.1805,-43.4948],[-65.5657,-45.0367],[-66.5089,-45.0401],[-67.2937,-45.5513],[-67.5817,-46.3011],[-66.5989,-47.0339],[-65.6413,-47.2353],[-65.9869,-48.1341],[-67.1677,-48.6977],[-67.8157,-49.869],[-69.1369,-50.7322],[-68.8165,-51.7714],[-68.1505,-52.3503],[-71.9161,-52.0084],[-72.3301,-51.4261],[-72.3085,-50.6763],[-72.9745,-50.7406],[-73.3273,-50.3784],[-73.4137,-49.3189],[-72.6469,-48.8788],[-72.3301,-48.2441],[-72.4489,-47.738],[-71.5525,-45.5614],[-71.6605,-44.9741],[-71.2213,-44.7845],[-71.3293,-44.4071],[-71.7937,-44.2074],[-71.4625,-43.7876],[-71.9161,-43.4085],[-72.1501,-42.2541],[-71.7469,-42.051],[-71.9161,-40.8324],[-71.4121,-38.9164],[-70.8145,-38.5525],[-71.1205,-36.6586],[-70.3645,-36.0052],[-70.3897,-35.1691],[-69.8173,-34.1942],[-69.8137,-33.2734],[-70.5337,-31.3642],[-69.9181,-30.3368],[-70.0153,-29.3687],[-69.6553,-28.4598],[-68.2945,-26.8993],[-68.5933,-26.5066],[-68.4169,-24.5178],[-67.3297,-24.0253],[-67.1065,-22.7356],[-66.2749,-21.8317],[-64.9644,-22.0755],[-64.3776,-22.7982],[-63.9852,-21.9942],[-62.8476,-22.0348],[-60.846,-23.8814],[-57.7788,-25.1627],[-57.6348,-25.6045],[-58.6176,-27.1244],[-56.4864,-27.5492],[-55.6944,-27.3884],[-54.7871,-26.6217],[-54.6251,-25.7399],[-54.1283,-25.5469],[-53.6279,-26.1241],[-53.6495,-26.923],[-56.292,-28.8525],[-57.624,-30.2167]]]]}},{"type":"Feature","properties":{"name":"Chile"},"geometry":{"type":"MultiPolygon","coordinates":[[[[-68.6329,-52.6363],[-68.6329,-54.8688],[-66.9589,-54.8976],[-68.1469,-55.6118],[-71.0053,-55.0533],[-73.2841,-53.9582],[-74.6629,-52.8377],[-71.1061,-54.075],[-70.2673,-52.9308],[-69.3457,-52.5178],[-68.6329,-52.6363]]],[[[-69.5905,-17.58],[-68.9677,-18.9815],[-68.4421,-19.4046],[-68.7589,-20.3728],[-67.8265,-22.8727],[-67.1065,-22.7356],[-66.9841,-22.9861],[-67.3297,-24.0253],[-68.4169,-24.5178],[-68.5933,-26.5066],[-68.2945,-26.8993],[-69.6553,-28.4598],[-70.0153,-29.3687],[-69.9181,-30.3368],[-70.5337,-31.3642],[-69.8137,-33.2734],[-69.8173,-34.1942],[-70.3897,-35.1691],[-70.3645,-36.0052],[-71.1205,-36.6586],[-70.8145,-38.5525],[-71.4121,-38.9164],[-71.9161,-40.8324],[-71.7469,-42.051],[-72.1501,-42.2541],[-71.9161,-43.4085],[-71.4625,-43.7876],[-71.7937,-44.2074],[-71.3293,-44.4071],[-71.2213,-44.7845],[-71.6605,-44.9741],[-71.5525,-45.5614],[-72.4489,-47.738],[-72.3301,-48.2441],[-72.6469,-48.8788],[-73.4137,-49.3189],[-73.3273,-50.3784],[-72.9745,-50.7406],[-72.3085,-50.6763],[-72.3301,-51.4261],[-71.9161,-52.0084],[-68.5717,-52.2995],[-69.4609,-52.2927],[-70.8433,-52.8987],[-71.0053,-53.8329],[-71.4301,-53.8566],[-74.9473,-52.2622],[-75.2606,-51.6292],[-74.9761,-51.0436],[-75.4802,-50.3784],[-75.6098,-48.674],[-75.1814,-47.7127],[-74.1265,-46.9392],[-75.6458,-46.648],[-74.6917,-45.7645],[-74.3533,-44.1024],[-73.2409,-44.4545],[-72.7189,-42.3828],[-73.3885,-42.1171],[-73.7017,-43.3662],[-74.3317,-43.2257],[-73.6765,-39.9421],[-73.2193,-39.2583],[-73.5865,-37.1562],[-73.1653,-37.124],[-71.4373,-32.4187],[-71.6677,-30.9208],[-71.3689,-30.0965],[-71.4913,-28.8609],[-70.9045,-27.6406],[-70.0909,-21.3934],[-70.3717,-18.3485],[-69.8569,-18.0929],[-69.5905,-17.58]]]]}},{"type":"Feature","properties":{"name":"Dem. Rep. Congo"},"geometry":{"type":"MultiPolygon","coordinates":[[[[29.3385,-4.4999],[29.6193,-6.5209],[30.1989,-7.0794],[30.7389,-8.3404],[28.7337,-8.5265],[28.4493,-9.1646],[28.6725,-9.6064],[28.3737,-11.7932],[29.3421,-12.3602],[29.6157,-12.1791],[29.6985,-13.2572],[28.9353,-13.2488],[28.1541,-12.2722],[27.3873,-12.1334],[27.1641,-11.6087],[26.5521,-11.9252],[25.7529,-11.7847],[25.4181,-11.3311],[24.3128,-11.2634],[24.2588,-10.952],[22.1564,-11.084],[22.2104,-9.8941],[21.8756,-9.5235],[21.728,-7.291],[20.5148,-7.2994],[20.6012,-6.9389],[20.09,-6.9423],[19.4168,-7.1556],[19.0172,-7.9883],[17.4728,-8.0679],[16.328,-5.8777],[12.3211,-6.0994],[12.1807,-5.7897],[12.6307,-4.9908],[13.2571,-4.8825],[13.5991,-4.4999],[14.1463,-4.5101],[14.5819,-4.9705],[16.0076,-3.5352],[15.9716,-2.7126],[16.4072,-1.7411],[17.6384,-0.4243],[18.542,4.2015],[19.4672,5.0309],[20.9288,4.3234],[22.4048,4.0289],[22.8404,4.711],[23.2976,4.6094],[24.41,5.1087],[25.1301,4.9276],[25.6521,5.256],[27.3729,5.234],[27.9813,4.408],[28.4277,4.2878],[29.7165,4.601],[30.8325,3.5093],[30.7749,2.3397],[31.1745,2.2043],[29.8749,0.598],[29.0253,-2.8395],[29.2773,-3.2931],[29.3385,-4.4999]]]]}},{"type":"Feature","properties":{"name":"Somalia"},"geometry":{"type":"MultiPolygon","coordinates":[[[[41.5858,-1.6835],[40.9918,-0.8576],[40.981,2.7848],[42.1294,4.2337],[42.7702,4.2523],[43.6594,4.9581],[44.9626,5.0021],[48.9371,9.4518],[48.9479,11.4101],[51.1115,12.0245],[51.0467,10.6417],[50.5535,9.1979],[48.5951,5.3389],[46.5647,2.8559],[43.1374,0.2917],[41.8126,-1.4466],[41.5858,-1.6835]]]]}},{"type":"Feature","properties":{"name":"Kenya"},"geometry":{"type":"MultiPolygon","coordinates":[[[[39.2026,-4.676],[37.7662,-3.6774],[37.6978,-3.0968],[33.9033,-0.9506],[33.8925,0.1106],[35.0374,1.9064],[34.0041,4.2506],[35.2966,5.5065],[35.8186,5.3389],[35.8186,4.777],[36.1606,4.4486],[36.8554,4.4486],[38.1226,3.599],[39.559,3.4212],[40.7686,4.2574],[41.1718,3.9188],[41.8558,3.9188],[40.981,2.7848],[40.9918,-0.8576],[41.5858,-1.6835],[40.2646,-2.5738],[39.6058,-4.3459],[39.2026,-4.676]]]]}},{"type":"Feature","properties":{"name":"Sudan"},"geometry":{"type":"MultiPolygon","coordinates":[[[[24.5684,8.2298],[23.4596,8.9542],[23.5532,10.0899],[22.9772,10.7145],[22.2896,12.6457],[21.9368,12.5881],[22.2968,13.3718],[22.1816,13.7865],[22.5128,14.0928],[22.304,14.3264],[23.024,15.6804],[23.888,15.611],[23.8484,19.9998],[25.0005,20.0032],[25.0005,22.0005],[36.8662,22.0005],[37.4818,18.6136],[38.4106,17.9976],[37.903,17.4272],[36.8518,16.9566],[36.2686,13.563],[34.7313,10.9108],[34.2561,10.6298],[33.9753,8.6851],[33.7233,10.3252],[33.2085,10.7196],[33.2085,12.1785],[32.7441,12.2479],[32.6757,12.0245],[32.0745,11.9737],[32.3985,11.0801],[31.3545,9.8106],[30.8361,9.7074],[29.9973,10.2913],[28.9677,9.3977],[27.1137,9.638],[26.7537,9.4671],[25.7889,10.4115],[25.0689,10.2744],[24.536,8.917],[23.888,8.6191],[24.5684,8.2298]]]]}},{"type":"Feature","properties":{"name":"Chad"},"geometry":{"type":"MultiPolygon","coordinates":[[[[23.8376,19.5801],[23.888,15.611],[23.024,15.6804],[22.304,14.3264],[22.5128,14.0928],[22.1816,13.7865],[22.2968,13.3718],[21.9368,12.5881],[22.2896,12.6457],[22.8656,11.1427],[21.7244,10.5672],[21.0008,9.4755],[20.0612,9.0135],[18.812,8.983],[18.9128,8.6309],[17.966,7.8913],[15.2804,7.4224],[15.4352,7.6933],[14.9815,8.7968],[13.9555,9.55],[14.1715,10.0222],[15.4676,9.9816],[14.9239,10.8905],[14.5963,13.3312],[13.9555,13.3532],[13.9555,13.9963],[13.5415,14.367],[13.9735,15.6838],[15.248,16.6266],[15.9032,20.3874],[15.0968,21.3082],[14.8519,22.8637],[15.86,23.4104],[19.8488,21.4944],[23.8376,19.5801]]]]}},{"type":"Feature","properties":{"name":"Haiti"},"geometry":{"type":"MultiPolygon","coordinates":[[[[-71.7109,19.7138],[-71.7001,18.7846],[-71.9449,18.617],[-71.7073,18.0449],[-73.4533,18.2176],[-73.9213,18.0314],[-74.4577,18.3428],[-74.3713,18.6644],[-72.6937,18.4461],[-72.3337,18.6678],[-72.7909,19.1011],[-72.7837,19.4836],[-73.4137,19.6393],[-73.1905,19.9152],[-72.5785,19.8712],[-71.7109,19.7138]]]]}},{"type":"Feature","properties":{"name":"Dominican Rep."},"geometry":{"type":"MultiPolygon","coordinates":[[[[-71.7073,18.0449],[-71.9449,18.617],[-71.7001,18.7846],[-71.5885,19.8848],[-69.9505,19.6478],[-69.7705,19.2941],[-69.2233,19.3127],[-69.2557,19.0148],[-68.3197,18.612],[-68.6905,18.2057],[-69.9541,18.4275],[-70.5157,18.1837],[-70.6705,18.4275],[-71.4013,17.5981],[-71.6569,17.7572],[-71.7073,18.0449]]]]}},{"type":"Feature","properties":{"name":"Russia"},"geometry":{"type":"MultiPolygon","coordinates":[[[[93.7791,81.025],[95.9392,81.2502],[100.1872,79.7793],[99.9388,78.8806],[97.7572,78.757],[93.3111,79.4273],[92.5443,80.1432],[91.1799,80.3413],[93.7791,81.025]]],[[[102.8368,79.2817],[105.3713,78.713],[105.0761,78.3068],[99.4384,77.9209],[101.2636,79.2343],[102.088,79.346],[102.8368,79.2817]]],[[[138.83,76.1369],[141.4724,76.0929],[145.0869,75.5632],[144.2984,74.8201],[138.956,74.6119],[136.976,75.2619],[137.5124,75.9491],[138.83,76.1369]]],[[[148.2225,75.3465],[150.7317,75.0842],[149.5761,74.6881],[147.9777,74.7778],[146.1201,75.1722],[146.3577,75.4972],[148.2225,75.3465]]],[[[139.8632,73.3696],[140.81,73.7657],[142.0628,73.8571],[143.4812,73.4745],[143.6036,73.2122],[140.0396,73.3171],[139.8632,73.3696]]],[[[44.8474,80.5901],[48.3179,80.7847],[48.5231,80.5139],[50.0387,80.9184],[51.5219,80.7001],[47.5871,80.0095],[46.5035,80.2465],[47.0723,80.5596],[44.8474,80.5901]]],[[[22.7324,54.3283],[19.6616,54.4265],[19.8884,54.8666],[21.2672,55.1898],[22.7576,54.8564],[22.6496,54.5822],[22.7324,54.3283]]],[[[53.5091,73.7504],[55.9032,74.6272],[55.6332,75.0808],[61.17,76.252],[68.1577,76.9392],[68.8525,76.5448],[68.1793,76.2334],[61.584,75.2602],[58.4772,74.309],[55.4208,72.371],[55.6224,71.54],[57.534,70.7208],[53.6783,70.7631],[53.4119,71.2065],[51.6011,71.4739],[51.4571,72.0156],[52.4795,72.2288],[52.4435,72.7755],[54.4271,73.6269],[53.5091,73.7504]]],[[[142.916,53.7038],[143.2616,52.7407],[143.2364,51.7573],[144.6548,48.9765],[143.1752,49.3065],[142.5596,47.8611],[143.5352,46.8371],[143.5064,46.138],[142.7468,46.7406],[142.0916,45.9671],[141.9044,48.8597],[142.1816,50.9517],[141.5948,51.935],[141.6812,53.3026],[142.6064,53.7613],[142.2104,54.2251],[142.6532,54.3656],[142.916,53.7038]]],[[[27.2865,57.4748],[27.7689,57.2446],[28.1757,56.1698],[29.3709,55.6705],[30.8757,55.5503],[30.7569,54.8124],[31.7325,53.7935],[32.6937,53.3517],[31.3041,53.0741],[31.7865,52.1009],[33.7521,52.3345],[34.3929,51.7692],[34.2237,51.2563],[35.023,51.2072],[35.3578,50.5776],[36.625,50.2256],[37.3918,50.3847],[38.011,49.9158],[40.0702,49.601],[39.6742,48.7835],[39.8974,48.2317],[39.739,47.8983],[38.2558,47.5462],[38.2234,47.1028],[39.1198,47.2636],[39.1486,47.0452],[37.6726,46.6373],[38.2342,46.2413],[37.4026,45.4052],[36.6754,45.2444],[39.955,43.435],[42.3958,43.2201],[43.9294,42.5549],[45.4703,42.5024],[45.7763,42.0928],[47.8139,41.1518],[48.5843,41.8085],[47.4935,42.9865],[47.5907,43.6601],[46.6835,44.6097],[47.6771,45.6421],[48.6455,45.8063],[49.1027,46.3987],[48.5915,46.5612],[48.6959,47.0757],[48.0587,47.7443],[47.3135,47.7155],[46.4675,48.3942],[47.0435,49.1525],[46.7519,49.3556],[47.5511,50.4541],[48.5771,49.8752],[48.7031,50.6047],[50.7659,51.693],[52.3283,51.7184],[55.716,50.6216],[56.778,51.0431],[58.362,51.0634],[59.6436,50.5455],[59.9316,50.8417],[61.3392,50.7993],[61.5876,51.2733],[59.9676,51.9604],[60.9288,52.4479],[60.7416,52.7204],[61.6992,52.9794],[60.9792,53.6648],[61.4364,54.0067],[65.1769,54.3537],[69.0685,55.3845],[70.8649,55.1695],[71.1817,54.1337],[72.2257,54.3774],[73.5073,54.0355],[73.4245,53.4905],[74.3857,53.5464],[76.8914,54.4908],[76.5242,54.1777],[77.8022,53.4042],[80.0342,50.8653],[80.567,51.3883],[81.9458,50.8129],[83.3822,51.0685],[85.5423,49.6924],[86.8311,49.8261],[87.3603,49.2151],[88.8039,49.4707],[92.2347,50.8027],[94.1463,50.4811],[94.8159,50.014],[97.2604,49.7263],[98.2324,50.4219],[97.8256,51.0109],[98.8624,52.0468],[102.0664,51.2597],[102.2572,50.5099],[103.6756,50.0902],[105.8861,50.4067],[106.8905,50.2746],[108.4745,49.2828],[110.6633,49.1305],[112.8989,49.5435],[114.3641,50.2476],[115.4874,49.8058],[116.679,49.8887],[117.8778,49.5113],[119.289,50.1426],[119.2782,50.5827],[120.7398,51.9638],[120.7254,52.5156],[120.1782,52.7542],[121.0026,53.2519],[123.573,53.4583],[125.0671,53.1605],[125.9455,52.7932],[127.6591,49.7601],[129.3979,49.4402],[130.5823,48.7293],[130.9855,47.79],[132.5083,47.7883],[135.0248,48.4788],[133.0987,45.1445],[131.8819,45.3205],[131.0251,44.9685],[131.2879,44.112],[131.1439,42.9306],[130.6327,42.9036],[130.7803,42.2198],[130.9351,42.5532],[132.2779,43.2844],[132.9079,42.7986],[133.5379,42.8122],[134.8699,43.3978],[138.218,46.3073],[138.5564,46.9995],[140.0612,48.4467],[140.5976,51.2394],[141.3788,52.238],[141.3464,53.0894],[139.9028,54.1895],[138.8048,54.2538],[138.164,53.7545],[137.192,53.978],[136.7024,54.6042],[135.1256,54.7295],[142.196,59.0404],[145.4865,59.3366],[148.5465,59.164],[149.7849,59.6565],[151.3365,59.5042],[151.2645,58.7814],[155.0446,59.1453],[154.2165,59.7581],[156.7222,61.4337],[159.3034,61.7739],[160.1206,60.5434],[162.6586,61.6419],[163.2598,62.4661],[164.473,62.5508],[163.6702,61.1409],[161.8738,60.3437],[158.3638,58.0553],[156.8086,57.8319],[156.7582,57.3648],[155.9158,56.7673],[155.4334,55.3811],[156.7906,51.0109],[158.2306,51.9435],[158.5294,52.959],[160.0234,53.2028],[160.369,54.3436],[162.1186,54.8547],[161.701,55.2863],[162.1294,56.1224],[163.0582,56.1597],[163.1914,57.6153],[162.0538,57.8387],[162.0178,58.2432],[163.2166,59.2114],[163.5406,59.8681],[164.8762,59.731],[165.8411,60.1592],[166.2947,59.7885],[168.9011,60.5739],[170.3303,59.8816],[170.6975,60.3369],[173.6783,61.652],[177.3648,62.522],[179.2296,62.3037],[179.4852,62.5694],[179.37,62.9824],[177.4116,64.6089],[178.7076,64.5345],[180,64.9796],[180,68.9639],[175.7232,69.8779],[170.4527,70.0962],[170.0099,69.6527],[170.8163,69.013],[169.5779,68.6931],[167.8355,69.5834],[160.9414,69.4378],[159.7102,69.7221],[159.829,70.4533],[158.9974,70.8663],[152.9673,70.8426],[150.3501,71.606],[149.5005,72.2],[140.468,72.85],[139.1468,72.4167],[139.8704,71.4875],[138.2324,71.628],[137.498,71.347],[135.5612,71.655],[133.8583,71.3859],[132.2527,71.8361],[131.2879,70.7868],[129.7147,71.193],[128.4583,71.98],[129.0523,72.3981],[128.5915,73.0379],[126.9751,73.5659],[123.2562,73.7352],[123.2022,72.9719],[119.019,73.1208],[118.7778,73.5879],[115.5666,73.7521],[113.5289,73.3358],[113.0213,73.9772],[112.1177,73.7877],[109.3997,74.1803],[113.8853,75.3279],[114.1337,75.8475],[111.0773,76.7107],[108.1541,76.7226],[107.2397,76.4805],[106.9697,76.9748],[104.7052,77.1271],[106.0661,77.3742],[104.3524,77.6975],[101.9908,77.2879],[101.0368,76.8614],[100.7596,76.4298],[98.9236,76.4467],[96.6772,75.9152],[95.86,76.1403],[93.2355,76.0472],[92.9007,75.773],[87.1659,75.1163],[86.0103,74.4596],[86.8239,73.9366],[80.5094,73.6489],[80.6102,72.5826],[81.4994,71.7498],[79.6526,72.3202],[77.5754,72.2678],[75.9014,71.8734],[76.3586,71.1524],[75.2894,71.3352],[75.6818,72.2999],[75.1598,72.8551],[74.6593,72.8331],[74.8897,72.1205],[73.1005,71.4469],[74.4001,70.631],[73.6009,69.6274],[73.8421,69.0722],[74.9365,68.9893],[74.4685,68.3292],[75.0518,67.7605],[74.1877,67.2849],[73.9213,66.7889],[72.8197,66.5334],[72.4237,66.1728],[71.2789,66.3201],[73.2373,67.7402],[73.6693,68.4087],[72.5641,69.0214],[72.7909,70.3907],[72.4705,71.0897],[71.8477,71.4096],[72.7945,72.2204],[72.5893,72.7755],[69.9397,73.0396],[69.1981,72.8432],[68.5393,71.9343],[66.6961,71.0288],[67.2613,69.9286],[66.9301,69.4547],[68.1361,69.3566],[69.1801,68.6152],[68.5105,68.0922],[63.5028,69.5478],[60.5508,69.8508],[60.0288,69.5207],[61.0764,68.9402],[59.9424,68.2784],[58.8012,68.8809],[57.318,68.4663],[55.4424,68.4392],[54.7259,68.0973],[53.4875,68.2005],[54.4703,68.8082],[53.7179,68.8572],[48.1379,67.5218],[47.8931,66.8837],[46.3487,66.6671],[45.5603,67.0107],[45.5567,67.5658],[46.8203,67.6894],[46.2515,68.2496],[43.4542,68.5712],[44.1886,67.95],[43.699,67.3526],[44.5306,66.7568],[43.951,66.0696],[42.0934,66.4758],[39.7642,65.4975],[40.4338,64.7646],[39.595,64.5209],[37.1758,65.1438],[36.5386,64.7646],[37.1434,64.3347],[37.0138,63.8507],[34.9437,64.4143],[34.8141,65.9003],[33.1833,66.6332],[33.9177,66.7602],[38.3818,66.0002],[40.0162,66.2659],[41.125,66.7923],[41.0602,67.4575],[40.2934,67.9331],[36.5134,69.0637],[33.7737,69.3007],[32.1321,69.9066],[28.5933,69.0654],[28.4457,68.3647],[29.9757,67.6978],[29.0541,66.9447],[30.2169,65.8056],[29.5437,64.9491],[30.4437,64.2044],[30.0369,63.5528],[31.5165,62.8673],[31.1385,62.3578],[28.0713,60.5028],[29.1189,60.0289],[27.9813,59.4754],[28.1325,59.3011],[27.4197,58.7239],[27.7185,57.7913],[27.2865,57.4748]]],[[[-180,64.9796],[-179.4312,65.4044],[-179.8848,65.875],[-178.686,66.1119],[-178.902,65.7412],[-178.3584,65.3909],[-176.2056,65.357],[-175.9824,64.922],[-172.9547,64.2535],[-172.5551,64.46],[-172.5299,65.4383],[-170.8919,65.5415],[-169.8983,65.9765],[-171.8567,66.9125],[-174.5711,67.0614],[-174.3407,66.3353],[-175.014,66.5841],[-174.9275,67.2053],[-180,68.9639],[-180,64.9796]]],[[[-180,70.8325],[-177.5772,71.2691],[-180,71.5163],[-180,70.8325]]],[[[178.7256,71.0982],[178.902,70.7817],[180,70.8325],[180,71.5163],[178.7256,71.0982]]],[[[33.4353,45.9722],[33.6981,46.2193],[34.7313,45.9654],[35.509,45.4102],[36.5314,45.4695],[36.3334,45.114],[33.8817,44.3608],[33.3273,44.5656],[33.5469,45.0345],[32.4525,45.3273],[33.5865,45.852],[33.4353,45.9722]]]]}},{"type":"Feature","properties":{"name":"Bahamas"},"geometry":{"type":"MultiPolygon","coordinates":[[[[-78.9794,26.7904],[-77.849,26.8395],[-77.8202,26.5805],[-78.911,26.4197],[-78.9794,26.7904]]],[[[-77.7914,27.0392],[-76.9994,26.5907],[-77.1722,25.8798],[-77.3414,26.5297],[-77.7878,26.9258],[-77.7914,27.0392]]],[[[-78.191,25.2095],[-77.8886,25.1706],[-77.5358,23.759],[-77.7806,23.7099],[-78.407,24.5748],[-78.191,25.2095]]]]}},{"type":"Feature","properties":{"name":"Falkland Is."},"geometry":{"type":"MultiPolygon","coordinates":[[[[-61.1988,-51.8493],[-60,-51.2501],[-59.1504,-51.5006],[-58.5492,-51.0995],[-57.75,-51.5497],[-58.0488,-51.9],[-59.3988,-52.1996],[-59.8488,-51.8493],[-60.6984,-52.2995],[-61.1988,-51.8493]]]]}},{"type":"Feature","properties":{"name":"Norway"},"geometry":{"type":"MultiPolygon","coordinates":[[[[15.1436,79.6744],[15.5216,80.0163],[16.9904,80.0501],[21.5444,78.9567],[19.028,78.5624],[18.47,77.8261],[17.5952,77.6382],[17.12,76.8089],[15.914,76.77],[13.7611,77.381],[14.6683,77.7364],[13.1707,78.0241],[11.2231,78.8687],[10.4455,79.6524],[13.1707,80.0112],[13.7179,79.6608],[15.1436,79.6744]]],[[[31.1025,69.558],[28.5933,69.0654],[29.0145,69.7661],[27.7329,70.1639],[26.1813,69.8254],[25.6881,69.0925],[24.734,68.6491],[22.358,68.842],[21.2456,69.3701],[20.0252,69.0654],[19.8776,68.407],[17.9948,68.5678],[17.7284,68.011],[16.7672,68.0144],[13.5559,64.7866],[13.9195,64.4447],[13.5703,64.0487],[12.5803,64.0656],[11.9323,63.1279],[11.9935,61.801],[12.6307,61.2932],[12.2995,60.1186],[11.0287,58.8559],[10.3555,59.4703],[8.3827,58.3126],[7.0471,58.079],[5.6647,58.5885],[4.9914,61.9702],[5.9131,62.6151],[8.5519,63.4546],[10.5283,64.4854],[14.7619,67.8112],[19.1828,69.8169],[21.3788,70.2553],[23.024,70.2028],[24.5468,71.0305],[28.1649,71.1862],[31.2933,70.4533],[30.0045,70.1859],[31.1025,69.558]]],[[[27.4089,80.0569],[25.9257,79.5187],[23.024,79.4002],[20.0756,79.5661],[19.8956,79.842],[18.4628,79.8606],[17.3684,80.3193],[20.4572,80.5985],[21.908,80.3582],[22.9196,80.6578],[25.4469,80.4073],[27.4089,80.0569]]],[[[24.7232,77.8532],[22.4912,77.4453],[20.7272,77.6772],[21.4148,77.9344],[20.8136,78.2543],[22.8836,78.4557],[23.2796,78.08],[24.7232,77.8532]]]]}},{"type":"Feature","properties":{"name":"Greenland"},"geometry":{"type":"MultiPolygon","coordinates":[[[[-46.7627,82.6279],[-43.4074,83.2254],[-39.8974,83.1797],[-38.623,83.5487],[-27.0993,83.5199],[-20.846,82.7261],[-22.6928,82.3419],[-31.9017,82.1997],[-24.8456,81.7867],[-22.9016,82.0931],[-22.07,81.7342],[-23.168,81.152],[-15.77,81.9119],[-12.7711,81.719],[-12.2095,81.2908],[-16.85,80.3497],[-20.0468,80.1771],[-17.732,80.1297],[-19.7048,78.7519],[-19.6724,77.6382],[-18.4736,76.9849],[-21.6812,76.6278],[-19.8344,76.098],[-19.6004,75.2483],[-20.6696,75.1553],[-19.3736,74.2954],[-21.5948,74.2243],[-20.4356,73.8164],[-20.7632,73.4644],[-23.5676,73.307],[-22.3148,72.63],[-22.3004,72.1848],[-24.2768,72.5978],[-24.7916,72.3304],[-22.1312,71.4689],[-21.7532,70.6632],[-23.5352,70.4703],[-25.5441,71.4316],[-25.2021,70.7529],[-26.3613,70.2265],[-22.3472,70.13],[-27.7473,68.4696],[-31.7757,68.121],[-32.8125,67.7351],[-34.2021,66.6789],[-36.3514,65.9782],[-39.811,65.4586],[-40.6678,64.8408],[-40.6822,64.1384],[-41.1898,63.4817],[-42.8206,62.6828],[-42.4174,61.9008],[-43.3786,60.0983],[-44.7862,60.0373],[-46.2623,60.8531],[-48.2639,60.8582],[-49.2323,61.4066],[-49.9019,62.3832],[-51.6335,63.6272],[-52.1411,64.2789],[-52.2779,65.1759],[-53.6603,66.1001],[-53.3003,66.8363],[-53.9699,67.1884],[-52.9799,68.3579],[-51.4751,68.7303],[-50.8703,69.9286],[-53.4551,69.2838],[-54.6827,69.6104],[-54.7511,70.2892],[-54.3587,70.8206],[-51.3887,70.5701],[-54.0059,71.5467],[-54.9995,71.4062],[-55.8348,71.655],[-54.7187,72.586],[-57.3252,74.7101],[-58.596,75.0994],[-58.5852,75.5175],[-61.2672,76.1031],[-68.5033,76.0608],[-71.4013,77.0086],[-66.7645,77.3759],[-73.2985,78.0445],[-73.1581,78.432],[-65.7097,79.3951],[-65.3245,79.7573],[-68.0245,80.1178],[-67.1497,80.5156],[-62.2356,81.3212],[-62.6496,81.7698],[-57.2064,82.1912],[-54.1355,82.1997],[-53.0447,81.8883],[-50.3915,82.4383],[-44.5234,81.6615],[-46.8995,82.1997],[-46.7627,82.6279]]]]}},{"type":"Feature","properties":{"name":"Fr. S. Antarctic Lands"},"geometry":{"type":"MultiPolygon","coordinates":[[[[68.9353,-48.6249],[70.5589,-49.2546],[70.2817,-49.7099],[68.7445,-49.7742],[68.8669,-48.8297],[68.9353,-48.6249]]]]}},{"type":"Feature","properties":{"name":"Timor-Leste"},"geometry":{"type":"MultiPolygon","coordinates":[[[[124.9698,-8.8921],[125.9455,-8.4318],[127.3351,-8.3979],[125.0887,-9.3931],[125.0707,-9.0902],[124.9698,-8.8921]]]]}},{"type":"Feature","properties":{"name":"South Africa"},"geometry":{"type":"MultiPolygon","coordinates":[[[[16.346,-28.5766],[16.8248,-28.0824],[17.3864,-28.7831],[18.4664,-29.0454],[19.8956,-28.4615],[19.8956,-24.7683],[20.7596,-25.8685],[20.8892,-26.8282],[21.6056,-26.7266],[23.312,-25.2693],[24.212,-25.6705],[25.6665,-25.486],[25.9401,-24.6955],[26.4873,-24.616],[27.1209,-23.5751],[29.4321,-22.0907],[31.1925,-22.2515],[31.9305,-24.3689],[31.8369,-25.8431],[31.0449,-25.7314],[30.6849,-26.7435],[31.2825,-27.2852],[31.8693,-27.1785],[32.0709,-26.7334],[32.8305,-26.7418],[32.2041,-28.7526],[31.3257,-29.4026],[30.0549,-31.1408],[28.2189,-32.7724],[25.9113,-33.6678],[25.7817,-33.9454],[22.574,-33.8641],[19.6148,-34.8187],[18.3764,-34.1366],[17.9264,-32.6116],[18.2468,-32.4288],[18.2216,-31.6621],[17.0624,-29.8765],[16.346,-28.5766]],[[28.9785,-28.9557],[28.5429,-28.6477],[28.0749,-28.8508],[26.9985,-29.8765],[27.7509,-30.6449],[28.8489,-30.0694],[29.3241,-29.257],[28.9785,-28.9557]]]]}},{"type":"Feature","properties":{"name":"Lesotho"},"geometry":{"type":"MultiPolygon","coordinates":[[[[28.9785,-28.9557],[29.3241,-29.257],[28.8489,-30.0694],[27.7509,-30.6449],[26.9985,-29.8765],[28.5429,-28.6477],[28.9785,-28.9557]]]]}},{"type":"Feature","properties":{"name":"Mexico"},"geometry":{"type":"MultiPolygon","coordinates":[[[[-117.129,32.5349],[-114.7205,32.7211],[-114.8141,32.5248],[-111.0233,31.3349],[-108.2405,31.3417],[-108.2405,31.7547],[-106.5089,31.7547],[-105.0365,30.6443],[-104.4568,29.5713],[-103.9384,29.27],[-103.1104,28.9704],[-102.4804,29.7608],[-101.6632,29.7795],[-100.9576,29.38],[-99.5212,27.5402],[-99.0208,26.3706],[-97.1416,25.8696],[-97.7032,24.2719],[-97.8724,22.4439],[-97.1884,20.6363],[-95.8996,18.8286],[-94.8375,18.5629],[-94.4271,18.1448],[-91.4067,18.876],[-90.7731,19.2839],[-90.2799,21.0002],[-88.5447,21.4944],[-87.0507,21.5435],[-86.8455,20.8495],[-87.6195,19.6461],[-87.4359,19.4718],[-87.8355,18.2599],[-88.4907,18.4867],[-88.8471,17.8825],[-90.9999,17.8181],[-91.0035,17.2545],[-91.4535,17.2528],[-90.4383,16.4099],[-90.4635,16.0697],[-91.7487,16.0663],[-92.2275,15.2522],[-92.2275,14.5397],[-93.8763,15.9394],[-94.6899,16.2017],[-96.5584,15.6534],[-100.828,17.1716],[-101.9188,17.9163],[-103.4992,18.2921],[-105.4937,19.9474],[-105.7313,20.4348],[-105.3965,20.5313],[-105.2669,21.4216],[-106.0301,22.774],[-108.4025,25.1723],[-109.2593,25.5802],[-109.2917,26.4434],[-110.3933,27.1628],[-110.6417,27.8601],[-111.1781,27.9413],[-112.2293,28.9552],[-113.1473,31.1707],[-114.7781,31.8004],[-114.9365,31.3942],[-114.6737,30.162],[-111.6173,26.6635],[-110.6561,24.2989],[-110.1737,24.2651],[-109.4105,23.3647],[-109.8533,22.818],[-110.9477,24.0011],[-112.1825,24.739],[-112.3013,26.0118],[-114.4649,27.1424],[-115.0554,27.723],[-114.5693,27.7416],[-114.1625,28.5659],[-115.5198,29.556],[-116.7222,31.6362],[-117.129,32.5349]]]]}},{"type":"Feature","properties":{"name":"Uruguay"},"geometry":{"type":"MultiPolygon","coordinates":[[[[-57.624,-30.2167],[-56.976,-30.11],[-53.7863,-32.048],[-53.2103,-32.7284],[-53.6495,-33.2023],[-53.3723,-33.7677],[-53.8079,-34.3973],[-54.9347,-34.9525],[-57.8184,-34.4633],[-58.4268,-33.9098],[-57.876,-31.0173],[-57.624,-30.2167]]]]}},{"type":"Feature","properties":{"name":"Brazil"},"geometry":{"type":"MultiPolygon","coordinates":[[[[-53.3723,-33.7677],[-53.6495,-33.2023],[-53.2103,-32.7284],[-53.7863,-32.048],[-56.976,-30.11],[-57.624,-30.2167],[-55.1616,-27.8826],[-53.6495,-26.923],[-53.6279,-26.1241],[-54.1283,-25.5469],[-54.6251,-25.7399],[-54.2939,-24.0202],[-55.3992,-23.9576],[-55.7988,-22.3564],[-56.472,-22.0856],[-56.8824,-22.282],[-57.9372,-22.0907],[-57.8724,-20.7333],[-58.1676,-20.1764],[-57.8544,-19.9699],[-57.9516,-19.3995],[-57.498,-18.1741],[-57.7356,-17.5529],[-58.2792,-17.272],[-58.2396,-16.2988],[-60.1584,-16.2581],[-60.5436,-15.0937],[-60.252,-15.0767],[-60.504,-13.7752],[-61.7136,-13.4891],[-63.1968,-12.6276],[-64.3164,-12.4617],[-65.4037,-11.5664],[-65.3389,-9.7621],[-66.6457,-9.9314],[-68.2729,-11.0146],[-70.5481,-11.0095],[-70.4833,-9.4896],[-71.3041,-10.0786],[-72.1861,-10.0532],[-72.5641,-9.5201],[-73.2265,-9.4625],[-73.0141,-9.0326],[-73.9861,-7.5245],[-73.7233,-6.9186],[-73.1185,-6.6292],[-73.2193,-6.0892],[-72.8917,-5.2751],[-70.7965,-4.2511],[-69.8929,-4.2985],[-69.4213,-1.1233],[-70.0189,-0.1856],[-70.0153,0.5422],[-69.2521,0.6031],[-69.2197,0.9856],[-69.8029,1.0889],[-69.8173,1.7151],[-67.8697,1.6931],[-67.5385,2.0367],[-67.0633,1.1295],[-66.8761,1.2531],[-66.3253,0.725],[-65.5477,0.7893],[-63.3696,2.2009],[-63.4236,2.4108],[-64.2696,2.4971],[-64.3668,3.797],[-64.8168,4.0559],[-63.0924,3.7699],[-60.9684,4.5366],[-60.6012,4.9175],[-60.7344,5.2001],[-59.982,5.0139],[-60.1116,4.5756],[-59.5392,3.9595],[-59.9748,2.7561],[-59.6472,1.7862],[-59.0316,1.3174],[-58.5384,1.2683],[-57.336,1.9487],[-55.9968,1.8184],[-55.9716,2.5106],[-52.9403,2.1247],[-51.6587,4.1558],[-51.3167,4.2032],[-50.5103,1.9013],[-49.9739,1.7371],[-49.9487,1.0466],[-50.6975,0.2223],[-50.3879,-0.079],[-48.6203,-0.2347],[-48.5843,-1.2384],[-47.8247,-0.5817],[-44.905,-1.5515],[-44.419,-2.1371],[-44.581,-2.6906],[-43.4182,-2.3825],[-41.4742,-2.9123],[-39.9802,-2.8734],[-37.2226,-4.8215],[-35.599,-5.1499],[-35.2354,-5.4647],[-34.7313,-7.3434],[-35.1274,-8.9971],[-38.6734,-13.0575],[-38.9542,-13.7938],[-38.8822,-15.6674],[-39.2674,-17.8678],[-39.5842,-18.2621],[-39.7606,-19.5993],[-40.7758,-20.9042],[-40.945,-21.9367],[-41.755,-22.37],[-41.989,-22.9708],[-44.6494,-23.3517],[-47.6483,-24.8851],[-48.4943,-25.877],[-48.4763,-27.1751],[-48.8867,-28.6748],[-49.5887,-29.2248],[-50.6975,-30.9851],[-52.2563,-32.2461],[-52.7135,-33.1973],[-53.3723,-33.7677]]]]}},{"type":"Feature","properties":{"name":"Bolivia"},"geometry":{"type":"MultiPolygon","coordinates":[[[[-69.5293,-10.952],[-68.2729,-11.0146],[-66.6457,-9.9314],[-65.3389,-9.7621],[-65.4037,-11.5664],[-64.3164,-12.4617],[-63.1968,-12.6276],[-61.7136,-13.4891],[-60.504,-13.7752],[-60.252,-15.0767],[-60.5436,-15.0937],[-60.1584,-16.2581],[-58.2396,-16.2988],[-58.2792,-17.272],[-57.7356,-17.5529],[-57.498,-18.1741],[-57.9516,-19.3995],[-57.8544,-19.9699],[-58.1676,-20.1764],[-58.182,-19.8684],[-59.1144,-19.3572],[-61.7856,-19.6331],[-62.6856,-22.2498],[-63.9852,-21.9942],[-64.3776,-22.7982],[-64.9644,-22.0755],[-66.2749,-21.8317],[-67.1065,-22.7356],[-67.8265,-22.8727],[-68.7589,-20.3728],[-68.4421,-19.4046],[-68.9677,-18.9815],[-69.5905,-17.58],[-68.9605,-16.5002],[-69.3889,-15.6607],[-69.1621,-15.3238],[-69.3385,-14.9532],[-68.9497,-14.4539],[-68.6653,-12.5616],[-69.5293,-10.952]]]]}},{"type":"Feature","properties":{"name":"Peru"},"geometry":{"type":"MultiPolygon","coordinates":[[[[-69.8929,-4.2985],[-70.7965,-4.2511],[-72.8917,-5.2751],[-73.2193,-6.0892],[-73.1185,-6.6292],[-73.7233,-6.9186],[-73.9861,-7.5245],[-73.0141,-9.0326],[-73.2265,-9.4625],[-72.5641,-9.5201],[-72.1861,-10.0532],[-71.3041,-10.0786],[-70.4833,-9.4896],[-70.5481,-11.0095],[-69.5293,-10.952],[-68.6653,-12.5616],[-68.9497,-14.4539],[-69.3385,-14.9532],[-69.1621,-15.3238],[-69.3889,-15.6607],[-68.9605,-16.5002],[-69.8569,-18.0929],[-70.3717,-18.3485],[-71.3761,-17.773],[-71.4625,-17.3634],[-76.0094,-14.6485],[-76.4234,-13.8225],[-76.2578,-13.5348],[-79.7606,-7.1945],[-81.251,-6.1366],[-80.927,-5.6898],[-81.4094,-4.7369],[-81.0998,-4.0362],[-80.3042,-3.4049],[-80.441,-4.4255],[-79.6238,-4.4542],[-79.2062,-4.9586],[-78.641,-4.5473],[-77.8382,-3.0037],[-76.6358,-2.6093],[-75.545,-1.5617],[-75.2354,-0.9117],[-75.3722,-0.1518],[-75.1058,-0.057],[-73.6585,-1.2604],[-73.0717,-2.3098],[-70.8145,-2.2573],[-70.0477,-2.7244],[-70.6921,-3.7434],[-70.3933,-3.7671],[-69.8929,-4.2985]]]]}},{"type":"Feature","properties":{"name":"Colombia"},"geometry":{"type":"MultiPolygon","coordinates":[[[[-66.8761,1.2531],[-67.0633,1.1295],[-67.5385,2.0367],[-67.8697,1.6931],[-69.8173,1.7151],[-69.8029,1.0889],[-69.2197,0.9856],[-69.2521,0.6031],[-70.0153,0.5422],[-70.0189,-0.1856],[-69.4213,-1.1233],[-69.8929,-4.2985],[-70.6921,-3.7434],[-70.0477,-2.7244],[-70.8145,-2.2573],[-73.0717,-2.3098],[-73.6585,-1.2604],[-75.1058,-0.057],[-75.3722,-0.1518],[-76.2938,0.4153],[-77.4242,0.3949],[-78.9902,1.6914],[-78.6194,1.7659],[-78.4286,2.6291],[-77.9318,2.6968],[-77.129,3.8495],[-77.4962,4.0881],[-77.309,4.6687],[-77.5322,5.5826],[-77.3198,5.845],[-77.8814,7.2244],[-77.7518,7.7102],[-77.4314,7.6374],[-77.2442,7.9353],[-77.4746,8.5243],[-76.8374,8.6394],[-75.6746,9.4434],[-75.4802,10.6197],[-74.9077,11.0835],[-73.4137,11.2273],[-71.7541,12.4375],[-71.4013,12.3766],[-71.1385,12.1125],[-71.3329,11.7757],[-71.9737,11.6081],[-72.9061,10.4504],[-73.3057,9.1522],[-72.7873,9.0845],[-72.4381,8.4058],[-72.4453,7.4241],[-71.9593,6.9908],[-70.0945,6.9604],[-69.3889,6.1006],[-67.3405,6.0955],[-67.8229,4.5045],[-67.3045,3.318],[-67.8085,2.8204],[-67.1821,2.25],[-66.8761,1.2531]]]]}},{"type":"Feature","properties":{"name":"Panama"},"geometry":{"type":"MultiPolygon","coordinates":[[[[-77.3522,8.6699],[-77.2442,7.9353],[-77.4314,7.6374],[-77.7518,7.7102],[-77.8814,7.2244],[-78.4286,8.0521],[-78.1838,8.3195],[-79.1198,8.9965],[-80.3834,8.2992],[-80.4806,8.091],[-80.0054,7.5477],[-80.4194,7.2718],[-80.8874,7.221],[-81.0602,7.8185],[-81.521,7.7068],[-81.7226,8.1096],[-82.9646,8.2247],[-82.7198,8.9254],[-82.9322,9.4772],[-82.547,9.5669],[-82.2086,8.9948],[-81.4382,8.7866],[-79.5734,9.6109],[-78.5006,9.4197],[-77.7302,8.9474],[-77.3522,8.6699]]]]}},{"type":"Feature","properties":{"name":"Costa Rica"},"geometry":{"type":"MultiPolygon","coordinates":[[[[-82.547,9.5669],[-82.9322,9.4772],[-82.7198,8.9254],[-82.9646,8.2247],[-83.5082,8.4464],[-83.6342,9.0507],[-84.977,10.0865],[-85.1103,9.5568],[-85.6611,9.9325],[-85.6611,10.7551],[-85.9419,10.8956],[-85.5603,11.2172],[-83.8934,10.7263],[-83.6558,10.9396],[-83.015,9.9934],[-82.547,9.5669]]]]}},{"type":"Feature","properties":{"name":"Nicaragua"},"geometry":{"type":"MultiPolygon","coordinates":[[[[-83.6558,10.9396],[-83.8934,10.7263],[-84.6746,11.0835],[-85.7115,11.0885],[-87.6699,12.9097],[-86.7339,13.2635],[-86.7555,13.7543],[-86.0967,14.0387],[-85.8015,13.8356],[-84.923,14.7902],[-84.4478,14.6209],[-83.1482,14.9966],[-83.8106,11.1038],[-83.6558,10.9396]]]]}},{"type":"Feature","properties":{"name":"Honduras"},"geometry":{"type":"MultiPolygon","coordinates":[[[[-83.1482,14.9966],[-84.4478,14.6209],[-84.923,14.7902],[-85.8015,13.8356],[-86.0967,14.0387],[-86.7555,13.7543],[-86.7339,13.2635],[-87.3171,12.9842],[-87.7923,13.3836],[-87.8607,13.8931],[-88.5051,13.8457],[-89.3547,14.4246],[-89.1531,15.066],[-87.9003,15.8649],[-84.9842,15.9953],[-83.411,15.2708],[-83.1482,14.9966]]]]}},{"type":"Feature","properties":{"name":"El Salvador"},"geometry":{"type":"MultiPolygon","coordinates":[[[[-89.3547,14.4246],[-88.5051,13.8457],[-87.7239,13.7848],[-87.9039,13.1484],[-89.8119,13.5207],[-90.0639,13.8812],[-89.5887,14.3619],[-89.3547,14.4246]]]]}},{"type":"Feature","properties":{"name":"Guatemala"},"geometry":{"type":"MultiPolygon","coordinates":[[[[-92.2275,14.5397],[-92.2275,15.2522],[-91.7487,16.0663],[-90.4635,16.0697],[-90.4383,16.4099],[-91.4535,17.2528],[-91.0035,17.2545],[-90.9999,17.8181],[-89.1423,17.808],[-89.2287,15.8869],[-88.2243,15.7278],[-89.1531,15.066],[-89.1459,14.6784],[-90.0963,13.7357],[-91.6911,14.1267],[-92.2275,14.5397]]]]}},{"type":"Feature","properties":{"name":"Belize"},"geometry":{"type":"MultiPolygon","coordinates":[[[[-89.1423,17.808],[-88.4907,18.4867],[-88.1055,18.3479],[-88.3539,16.5301],[-88.9299,15.8869],[-89.2287,15.8869],[-89.1495,17.0159],[-89.1423,17.808]]]]}},{"type":"Feature","properties":{"name":"Venezuela"},"geometry":{"type":"MultiPolygon","coordinates":[[[[-60.7344,5.2001],[-60.6012,4.9175],[-60.9684,4.5366],[-63.0924,3.7699],[-64.8168,4.0559],[-64.3668,3.797],[-64.2696,2.4971],[-63.4236,2.4108],[-63.3696,2.2009],[-65.5477,0.7893],[-66.3253,0.725],[-66.8761,1.2531],[-67.1821,2.25],[-67.8085,2.8204],[-67.3045,3.318],[-67.8229,4.5045],[-67.3405,6.0955],[-69.3889,6.1006],[-70.0945,6.9604],[-71.9593,6.9908],[-72.4453,7.4241],[-72.4381,8.4058],[-72.7873,9.0845],[-73.3057,9.1522],[-72.9061,10.4504],[-71.9737,11.6081],[-71.3329,11.7757],[-71.3617,11.5404],[-71.9485,11.4237],[-71.6317,10.447],[-72.0745,9.8648],[-71.6965,9.0727],[-71.2645,9.137],[-71.0413,9.8597],[-71.3509,10.2118],[-71.4013,10.9684],[-70.1557,11.3763],[-70.2925,11.8468],[-69.9433,12.1616],[-69.5833,11.4592],[-68.8813,11.444],[-68.1937,10.5554],[-66.2281,10.6485],[-65.6557,10.2016],[-64.8888,10.0764],[-64.3164,10.6417],[-61.8792,10.7162],[-62.7288,10.42],[-62.3868,9.9477],[-61.5876,9.8733],[-60.8316,9.3807],[-60.6696,8.5802],[-59.7588,8.3669],[-60.5508,7.7796],[-60.6372,7.4157],[-60.2952,7.0433],[-61.1592,6.6963],[-61.4112,5.9584],[-60.7344,5.2001]]]]}},{"type":"Feature","properties":{"name":"Guyana"},"geometry":{"type":"MultiPolygon","coordinates":[[[[-56.5404,1.8996],[-57.336,1.9487],[-58.5384,1.2683],[-59.6472,1.7862],[-59.9748,2.7561],[-59.5392,3.9595],[-60.1116,4.5756],[-59.982,5.0139],[-60.7344,5.2001],[-61.4112,5.9584],[-61.1592,6.6963],[-60.2952,7.0433],[-60.6372,7.4157],[-60.5508,7.7796],[-59.7588,8.3669],[-58.4844,7.348],[-58.4556,6.8334],[-58.0776,6.8097],[-57.1488,5.9736],[-57.3072,5.0732],[-57.9156,4.8125],[-58.0452,4.061],[-57.6024,3.3349],[-57.282,3.3332],[-57.1488,2.7696],[-56.5404,1.8996]]]]}},{"type":"Feature","properties":{"name":"Suriname"},"geometry":{"type":"MultiPolygon","coordinates":[[[[-54.5243,2.3126],[-55.9716,2.5106],[-55.9968,1.8184],[-56.5404,1.8996],[-57.282,3.3332],[-57.6024,3.3349],[-58.0452,4.061],[-57.9156,4.8125],[-57.3072,5.0732],[-57.1488,5.9736],[-55.95,5.7722],[-55.032,6.0261],[-53.9591,5.757],[-54.4775,4.8971],[-54.0059,3.6193],[-54.2687,2.7324],[-54.5243,2.3126]]]]}},{"type":"Feature","properties":{"name":"France"},"geometry":{"type":"MultiPolygon","coordinates":[[[[-51.6587,4.1558],[-52.9403,2.1247],[-54.5243,2.3126],[-54.0059,3.6193],[-54.4775,4.8971],[-53.9591,5.757],[-52.8827,5.41],[-51.8243,4.5654],[-51.6587,4.1558]]],[[[6.1867,49.4639],[8.0983,49.0171],[7.4683,47.6207],[6.7375,47.5412],[6.7699,47.2873],[6.0391,46.7253],[6.0211,46.2734],[6.4999,46.4292],[6.8419,45.9908],[7.0975,45.3324],[6.7483,45.0277],[7.0075,44.2542],[7.5511,44.1273],[7.4359,43.694],[6.5287,43.1287],[4.5558,43.3995],[3.1014,43.0745],[2.9862,42.4736],[1.827,42.3433],[0.7002,42.7952],[0.3366,42.5803],[-1.503,43.0339],[-1.9026,43.4232],[-1.3842,44.0223],[-1.1934,46.0145],[-2.9646,47.5699],[-4.491,47.9541],[-4.5918,48.6836],[-3.2958,48.902],[-1.6182,48.6447],[-1.935,49.777],[-0.9882,49.3471],[1.3374,50.1274],[1.6398,50.9466],[2.5146,51.148],[2.6586,50.7976],[3.123,50.7807],[4.2858,49.9074],[4.8006,49.9852],[5.8987,49.4419],[6.1867,49.4639]]],[[[8.7463,42.6277],[9.3907,43.0102],[9.5599,42.1521],[9.2287,41.3802],[8.7751,41.5834],[8.5447,42.257],[8.7463,42.6277]]]]}},{"type":"Feature","properties":{"name":"Ecuador"},"geometry":{"type":"MultiPolygon","coordinates":[[[[-75.3722,-0.1518],[-75.2354,-0.9117],[-75.545,-1.5617],[-76.6358,-2.6093],[-77.8382,-3.0037],[-78.641,-4.5473],[-79.2062,-4.9586],[-79.6238,-4.4542],[-80.441,-4.4255],[-80.3042,-3.4049],[-79.7714,-2.6567],[-79.9874,-2.2201],[-80.369,-2.6855],[-80.9666,-2.2471],[-80.765,-1.9645],[-80.9342,-1.0573],[-80.585,-0.9066],[-80.0198,0.3611],[-80.0918,0.769],[-78.857,1.3817],[-77.669,0.8265],[-77.4242,0.3949],[-76.2938,0.4153],[-75.8006,0.0852],[-75.3722,-0.1518]]]]}},{"type":"Feature","properties":{"name":"Puerto Rico"},"geometry":{"type":"MultiPolygon","coordinates":[[[[-66.2821,18.5155],[-65.5909,18.2277],[-65.8465,17.9755],[-67.1857,17.9468],[-67.0993,18.5206],[-66.2821,18.5155]]]]}},{"type":"Feature","properties":{"name":"Jamaica"},"geometry":{"type":"MultiPolygon","coordinates":[[[[-77.5682,18.4901],[-76.895,18.4004],[-76.2002,17.8875],[-77.2046,17.7014],[-78.3386,18.226],[-77.7986,18.5239],[-77.5682,18.4901]]]]}},{"type":"Feature","properties":{"name":"Cuba"},"geometry":{"type":"MultiPolygon","coordinates":[[[[-82.2698,23.1886],[-80.6174,23.1057],[-79.2818,22.3999],[-78.3458,22.5116],[-76.5242,21.2066],[-75.599,21.0171],[-75.671,20.7344],[-74.1769,20.2842],[-74.9617,19.9237],[-77.7554,19.856],[-77.0858,20.4128],[-78.137,20.7395],[-78.7202,21.5976],[-82.169,22.3864],[-81.7946,22.6369],[-82.7774,22.6876],[-84.0518,21.9107],[-84.9734,21.8955],[-83.7782,22.7875],[-82.511,23.0786],[-82.2698,23.1886]]]]}},{"type":"Feature","properties":{"name":"Zimbabwe"},"geometry":{"type":"MultiPolygon","coordinates":[[[[31.1925,-22.2515],[29.4321,-22.0907],[28.0209,-21.4865],[27.7257,-20.4997],[26.1633,-19.2929],[25.2633,-17.7357],[27.0453,-17.9389],[29.5185,-15.6454],[30.2745,-15.5083],[30.3393,-15.8807],[31.1745,-15.8604],[32.3265,-16.3919],[32.8485,-16.7134],[32.8485,-17.9795],[32.6613,-20.305],[32.2437,-21.1158],[31.1925,-22.2515]]]]}},{"type":"Feature","properties":{"name":"Botswana"},"geometry":{"type":"MultiPolygon","coordinates":[[[[29.4321,-22.0907],[27.1209,-23.5751],[26.4873,-24.616],[25.9401,-24.6955],[25.6665,-25.486],[24.212,-25.6705],[23.312,-25.2693],[21.6056,-26.7266],[20.8892,-26.8282],[20.666,-26.4778],[20.7596,-25.8685],[19.8956,-24.7683],[19.8956,-21.8487],[20.882,-21.8148],[20.9108,-18.252],[23.1968,-17.8695],[23.5784,-18.2807],[25.2633,-17.7357],[26.1633,-19.2929],[27.7257,-20.4997],[28.0209,-21.4865],[28.7949,-21.6388],[29.4321,-22.0907]]]]}},{"type":"Feature","properties":{"name":"Namibia"},"geometry":{"type":"MultiPolygon","coordinates":[[[[19.8956,-24.7683],[19.8956,-28.4615],[18.4664,-29.0454],[17.3864,-28.7831],[16.8248,-28.0824],[16.346,-28.5766],[15.212,-27.0905],[14.2579,-22.111],[13.3507,-20.8721],[12.6091,-19.0458],[11.7955,-18.0692],[11.7343,-17.3025],[13.4623,-16.9707],[14.0599,-17.4226],[18.2648,-17.3092],[18.956,-17.7899],[21.3788,-17.9304],[24.0356,-17.2957],[25.0761,-17.5783],[23.5784,-18.2807],[23.1968,-17.8695],[20.9108,-18.252],[20.882,-21.8148],[19.8956,-21.8487],[19.8956,-24.7683]]]]}},{"type":"Feature","properties":{"name":"Senegal"},"geometry":{"type":"MultiPolygon","coordinates":[[[[-16.7132,13.5952],[-17.624,14.7292],[-17.1848,14.9188],[-16.1192,16.4556],[-14.5783,16.5978],[-13.4371,16.0393],[-12.1699,14.6175],[-11.5147,12.4426],[-15.5468,12.6288],[-16.6772,12.385],[-16.8428,13.1518],[-13.8439,13.5055],[-14.0455,13.7932],[-14.6863,13.6308],[-15.0824,13.8762],[-15.626,13.624],[-16.7132,13.5952]]]]}},{"type":"Feature","properties":{"name":"Mali"},"geometry":{"type":"MultiPolygon","coordinates":[[[[-11.5147,12.4426],[-12.1699,14.6175],[-11.8351,14.7986],[-11.6659,15.3876],[-10.6507,15.1321],[-9.5491,15.4858],[-5.5387,15.501],[-5.3155,16.2017],[-6.4531,24.9574],[-4.923,24.9743],[1.8234,20.6109],[2.061,20.142],[3.1482,19.6935],[3.159,19.0571],[4.2678,19.1553],[4.2714,16.8517],[3.7242,16.1848],[3.6378,15.5687],[1.3842,15.3233],[1.017,14.9679],[-1.0674,14.9746],[-1.9998,14.5583],[-3.105,13.541],[-4.005,13.4717],[-4.4262,12.5424],[-5.2219,11.7131],[-5.4055,10.3709],[-6.0499,10.0967],[-6.2047,10.5249],[-6.8491,10.139],[-8.0299,10.2067],[-8.2819,10.7923],[-8.6203,10.8109],[-8.3755,11.3932],[-9.1279,12.3089],[-10.1647,11.8434],[-11.0359,12.2107],[-11.4571,12.077],[-11.5147,12.4426]]]]}},{"type":"Feature","properties":{"name":"Mauritania"},"geometry":{"type":"MultiPolygon","coordinates":[[[[-17.0624,21.0002],[-16.8464,21.3336],[-12.9295,21.3268],[-13.1203,22.7706],[-12.8755,23.2851],[-11.9359,23.3748],[-11.9683,25.934],[-8.6887,25.8815],[-8.6851,27.3963],[-4.923,24.9743],[-6.4531,24.9574],[-5.3155,16.2017],[-5.5387,15.501],[-9.5491,15.4858],[-10.6507,15.1321],[-11.6659,15.3876],[-11.8351,14.7986],[-12.1699,14.6175],[-13.4371,16.0393],[-14.5783,16.5978],[-16.1192,16.4556],[-16.4648,16.1357],[-16.148,18.1093],[-16.2776,20.0929],[-16.5368,20.5685],[-17.0624,21.0002]]]]}},{"type":"Feature","properties":{"name":"Benin"},"geometry":{"type":"MultiPolygon","coordinates":[[[[2.691,6.2597],[1.8666,6.1429],[1.6182,6.8317],[1.665,9.1285],[1.4238,9.8259],[0.7722,10.4707],[0.8982,10.9971],[2.4894,12.2327],[3.6126,11.6606],[3.7962,10.7348],[3.7062,10.0628],[2.9106,9.137],[2.7486,7.871],[2.691,6.2597]]]]}},{"type":"Feature","properties":{"name":"Niger"},"geometry":{"type":"MultiPolygon","coordinates":[[[[14.8519,22.8637],[15.0968,21.3082],[15.9032,20.3874],[15.248,16.6266],[13.9735,15.6838],[13.5415,14.367],[13.9555,13.9963],[13.9555,13.3532],[14.5963,13.3312],[14.1823,12.4832],[13.0843,13.5969],[12.3031,13.0367],[10.9891,13.387],[9.0163,12.8268],[7.8031,13.343],[6.8203,13.1145],[5.4415,13.866],[4.1094,13.5309],[3.6126,11.6606],[2.8494,12.2361],[2.1546,11.9399],[2.1762,12.6254],[1.0242,12.8522],[0.9918,13.3362],[0.4302,13.9896],[0.3762,14.9289],[1.017,14.9679],[1.3842,15.3233],[3.6378,15.5687],[3.7242,16.1848],[4.2714,16.8517],[4.2678,19.1553],[5.6791,19.6004],[12.0007,23.4713],[13.5811,23.0397],[14.1427,22.4913],[14.8519,22.8637]]]]}},{"type":"Feature","properties":{"name":"Nigeria"},"geometry":{"type":"MultiPolygon","coordinates":[[[[2.691,6.2597],[2.7234,8.5074],[3.7062,10.0628],[3.681,12.5526],[4.3686,13.7475],[5.4415,13.866],[6.8203,13.1145],[7.8031,13.343],[9.0163,12.8268],[10.9891,13.387],[12.3031,13.0367],[13.0843,13.5969],[14.5783,12.0854],[14.4163,11.5726],[13.5739,10.7991],[11.7451,6.9807],[11.0575,6.6439],[10.1179,7.0382],[9.2323,6.4441],[8.5015,4.7719],[5.8987,4.2624],[4.3254,6.2698],[3.573,6.258],[2.691,6.2597]]]]}},{"type":"Feature","properties":{"name":"Cameroon"},"geometry":{"type":"MultiPolygon","coordinates":[[[[14.4955,12.8589],[14.8951,12.2192],[14.9239,10.8905],[15.4676,9.9816],[14.1715,10.0222],[13.9555,9.55],[14.9815,8.7968],[15.4352,7.6933],[14.5351,6.2275],[14.4775,4.733],[15.8636,3.0133],[15.9392,1.727],[14.3371,2.228],[9.6499,2.2838],[9.7939,3.0726],[8.4871,4.496],[8.7571,5.4794],[9.2323,6.4441],[10.1179,7.0382],[11.0575,6.6439],[11.7451,6.9807],[13.5739,10.7991],[14.4163,11.5726],[14.5783,12.0854],[14.2147,12.8014],[14.4955,12.8589]]]]}},{"type":"Feature","properties":{"name":"Togo"},"geometry":{"type":"MultiPolygon","coordinates":[[[[0.8982,10.9971],[0.7722,10.4707],[1.4238,9.8259],[1.665,9.1285],[1.6182,6.8317],[1.8666,6.1429],[1.0602,5.9296],[0.5706,6.9147],[0.711,8.3127],[0.0234,11.0191],[0.8982,10.9971]]]]}},{"type":"Feature","properties":{"name":"Ghana"},"geometry":{"type":"MultiPolygon","coordinates":[[[[0.0234,11.0191],[0.711,8.3127],[0.5706,6.9147],[1.0602,5.9296],[-1.9638,4.711],[-2.8566,4.9953],[-3.2454,6.2512],[-2.5614,8.2196],[-2.9394,10.9633],[-0.4374,11.0987],[0.0234,11.0191]]]]}},{"type":"Feature","properties":{"name":"Côte d'Ivoire"},"geometry":{"type":"MultiPolygon","coordinates":[[[[-8.0299,10.2067],[-6.8491,10.139],[-6.2047,10.5249],[-6.0499,10.0967],[-5.4055,10.3709],[-4.329,9.6109],[-3.5118,9.9004],[-2.8278,9.6431],[-2.5614,8.2196],[-3.2454,6.2512],[-2.8566,4.9953],[-4.6494,5.168],[-7.7131,4.364],[-7.5691,5.7079],[-8.6023,6.4678],[-8.2999,8.3161],[-7.8319,8.5751],[-8.2279,10.1288],[-8.0299,10.2067]]]]}},{"type":"Feature","properties":{"name":"Guinea"},"geometry":{"type":"MultiPolygon","coordinates":[[[[-13.6999,12.5864],[-11.5147,12.4426],[-11.4571,12.077],[-11.0359,12.2107],[-10.1647,11.8434],[-9.1279,12.3089],[-8.3755,11.3932],[-8.6203,10.8109],[-8.2819,10.7923],[-8.0299,10.2067],[-8.3107,9.7903],[-7.8319,8.5751],[-8.2999,8.3161],[-8.2819,7.6865],[-8.7211,7.7119],[-8.9263,7.309],[-9.2071,7.3141],[-9.7543,8.5412],[-10.5067,8.3483],[-10.6219,9.2673],[-11.1187,10.0459],[-12.4255,9.836],[-13.2463,8.9034],[-15.1292,11.0411],[-14.6863,11.5286],[-13.7431,11.8113],[-13.7179,12.2479],[-13.6999,12.5864]]]]}},{"type":"Feature","properties":{"name":"Guinea-Bissau"},"geometry":{"type":"MultiPolygon","coordinates":[[[[-16.6772,12.385],[-13.6999,12.5864],[-13.7431,11.8113],[-14.6863,11.5286],[-15.1292,11.0411],[-16.0868,11.5252],[-16.6124,12.1701],[-16.6772,12.385]]]]}},{"type":"Feature","properties":{"name":"Liberia"},"geometry":{"type":"MultiPolygon","coordinates":[[[[-8.4403,7.6865],[-8.6023,6.4678],[-7.5691,5.7079],[-7.7131,4.364],[-9.0055,4.8328],[-11.4391,6.786],[-10.2295,8.4058],[-9.7543,8.5412],[-9.2071,7.3141],[-8.9263,7.309],[-8.7211,7.7119],[-8.4403,7.6865]]]]}},{"type":"Feature","properties":{"name":"Sierra Leone"},"geometry":{"type":"MultiPolygon","coordinates":[[[[-13.2463,8.9034],[-12.4255,9.836],[-11.1187,10.0459],[-10.6219,9.2673],[-10.5067,8.3483],[-10.2295,8.4058],[-11.4391,6.786],[-12.4291,7.2633],[-13.1239,8.1638],[-13.2463,8.9034]]]]}},{"type":"Feature","properties":{"name":"Burkina Faso"},"geometry":{"type":"MultiPolygon","coordinates":[[[[-5.4055,10.3709],[-5.2219,11.7131],[-4.4262,12.5424],[-4.2786,13.2279],[-3.105,13.541],[-1.9998,14.5583],[-1.0674,14.9746],[0.3762,14.9289],[0.4302,13.9896],[0.9918,13.3362],[1.0242,12.8522],[2.1762,12.6254],[1.935,11.642],[0.8982,10.9971],[-2.9394,10.9633],[-2.8278,9.6431],[-3.5118,9.9004],[-4.329,9.6109],[-4.9554,10.1525],[-5.4055,10.3709]]]]}},{"type":"Feature","properties":{"name":"Central African Rep."},"geometry":{"type":"MultiPolygon","coordinates":[[[[27.3729,5.234],[25.6521,5.256],[24.806,4.8971],[24.41,5.1087],[23.2976,4.6094],[22.8404,4.711],[22.4048,4.0289],[20.9288,4.3234],[19.4672,5.0309],[18.542,4.2015],[18.452,3.5042],[17.1344,3.7276],[16.0112,2.2669],[15.8636,3.0133],[14.4775,4.733],[14.5351,6.2275],[15.2804,7.4224],[17.966,7.8913],[18.9128,8.6309],[18.812,8.983],[20.0612,9.0135],[21.0008,9.4755],[21.7244,10.5672],[22.8656,11.1427],[23.5532,10.0899],[23.4596,8.9542],[25.1157,7.8253],[25.1229,7.5003],[26.2137,6.5474],[26.4657,5.9465],[27.2145,5.5505],[27.3729,5.234]]]]}},{"type":"Feature","properties":{"name":"Congo"},"geometry":{"type":"MultiPolygon","coordinates":[[[[18.452,3.5042],[17.8976,1.7422],[17.6384,-0.4243],[16.4072,-1.7411],[15.9716,-2.7126],[16.0076,-3.5352],[14.5819,-4.9705],[14.1463,-4.5101],[13.5991,-4.4999],[13.2571,-4.8825],[12.6199,-4.4373],[11.9143,-5.0382],[11.0935,-3.9786],[11.8567,-3.4269],[11.4787,-2.7651],[12.4939,-2.391],[12.5767,-1.9493],[13.1095,-2.4282],[13.9915,-2.4706],[14.4271,-1.3332],[14.3155,-0.5529],[13.8439,0.0395],[14.2759,1.1972],[13.2823,1.314],[13.0771,2.2669],[14.3371,2.228],[15.9392,1.727],[16.5368,3.1978],[17.1344,3.7276],[17.8112,3.56],[18.452,3.5042]]]]}},{"type":"Feature","properties":{"name":"Gabon"},"geometry":{"type":"MultiPolygon","coordinates":[[[[11.2771,2.2618],[12.9511,2.3211],[13.2823,1.314],[14.2759,1.1972],[13.8439,0.0395],[14.3155,-0.5529],[14.4271,-1.3332],[13.9915,-2.4706],[13.1095,-2.4282],[12.5767,-1.9493],[12.4939,-2.391],[11.4787,-2.7651],[11.8567,-3.4269],[11.0935,-3.9786],[8.7967,-1.1114],[9.4915,1.0093],[11.2843,1.0584],[11.2771,2.2618]]]]}},{"type":"Feature","properties":{"name":"Eq. Guinea"},"geometry":{"type":"MultiPolygon","coordinates":[[[[9.6499,2.2838],[11.2771,2.2618],[11.2843,1.0584],[9.3043,1.1617],[9.6499,2.2838]]]]}},{"type":"Feature","properties":{"name":"Zambia"},"geometry":{"type":"MultiPolygon","coordinates":[[[[30.7389,-8.3404],[33.2301,-9.6775],[33.4857,-10.5254],[33.1149,-11.607],[33.3057,-12.4363],[32.6865,-13.7125],[33.2157,-13.9715],[30.1809,-14.7958],[30.2745,-15.5083],[28.9461,-16.0432],[27.0453,-17.9389],[25.2633,-17.7357],[24.6836,-17.3532],[23.2148,-17.5225],[21.8864,-16.0804],[21.9332,-12.8984],[24.0176,-12.9103],[23.9132,-10.9266],[24.2588,-10.952],[24.3128,-11.2634],[25.4181,-11.3311],[25.7529,-11.7847],[26.5521,-11.9252],[27.1641,-11.6087],[27.3873,-12.1334],[28.1541,-12.2722],[28.9353,-13.2488],[29.6985,-13.2572],[29.6157,-12.1791],[29.3421,-12.3602],[28.3737,-11.7932],[28.6725,-9.6064],[28.4493,-9.1646],[28.7337,-8.5265],[30.3465,-8.2388],[30.7389,-8.3404]]]]}},{"type":"Feature","properties":{"name":"Malawi"},"geometry":{"type":"MultiPolygon","coordinates":[[[[32.7585,-9.2306],[33.7413,-9.4168],[34.2813,-10.1599],[34.5585,-13.5805],[35.2678,-13.8886],[35.6854,-14.6113],[35.7718,-15.8976],[35.3398,-16.1075],[35.0338,-16.8015],[34.3821,-16.1837],[34.4613,-14.613],[32.6865,-13.7125],[33.3057,-12.4363],[33.1149,-11.607],[33.4857,-10.5254],[33.2301,-9.6775],[32.7585,-9.2306]]]]}},{"type":"Feature","properties":{"name":"Mozambique"},"geometry":{"type":"MultiPolygon","coordinates":[[[[34.5585,-11.5207],[37.471,-11.5681],[39.5194,-10.8961],[40.315,-10.3173],[40.7758,-14.6925],[40.0882,-16.1007],[39.451,-16.7202],[37.4098,-17.5868],[34.7853,-19.7837],[34.7025,-20.4963],[35.563,-22.0907],[35.4586,-24.1218],[33.0141,-25.3573],[32.5749,-25.728],[32.9169,-26.2155],[32.8305,-26.7418],[32.0709,-26.7334],[31.7541,-25.4843],[31.9305,-24.3689],[31.1925,-22.2515],[32.6613,-20.305],[32.8485,-16.7134],[31.1745,-15.8604],[30.3393,-15.8807],[30.1809,-14.7958],[33.2157,-13.9715],[34.4613,-14.613],[34.3821,-16.1837],[35.0338,-16.8015],[35.3398,-16.1075],[35.7718,-15.8976],[35.6854,-14.6113],[35.2678,-13.8886],[34.5585,-13.5805],[34.2813,-12.2806],[34.5585,-11.5207]]]]}},{"type":"Feature","properties":{"name":"eSwatini"},"geometry":{"type":"MultiPolygon","coordinates":[[[[32.0709,-26.7334],[31.8693,-27.1785],[31.2825,-27.2852],[30.6849,-26.7435],[31.0449,-25.7314],[31.8369,-25.8431],[31.9845,-26.2916],[32.0709,-26.7334]]]]}},{"type":"Feature","properties":{"name":"Angola"},"geometry":{"type":"MultiPolygon","coordinates":[[[[12.9943,-4.7809],[12.1807,-5.7897],[11.9143,-5.0382],[12.6199,-4.4373],[12.9943,-4.7809]]],[[[12.3211,-6.0994],[16.328,-5.8777],[17.4728,-8.0679],[19.0172,-7.9883],[19.4168,-7.1556],[20.09,-6.9423],[20.6012,-6.9389],[20.5148,-7.2994],[21.728,-7.291],[21.8756,-9.5235],[22.2104,-9.8941],[22.1564,-11.084],[23.456,-10.8673],[23.9132,-10.9266],[24.0176,-11.238],[24.0176,-12.9103],[21.9332,-12.8984],[21.8864,-16.0804],[23.2148,-17.5225],[21.3788,-17.9304],[18.956,-17.7899],[18.2648,-17.3092],[14.0599,-17.4226],[13.4623,-16.9707],[11.7343,-17.3025],[11.6407,-16.6728],[12.1771,-14.4488],[12.7387,-13.1371],[13.6351,-12.0386],[13.7395,-11.2973],[12.8755,-9.1663],[13.2355,-8.5621],[12.7279,-6.9271],[12.2275,-6.294],[12.3211,-6.0994]]]]}},{"type":"Feature","properties":{"name":"Burundi"},"geometry":{"type":"MultiPolygon","coordinates":[[[[30.4689,-2.413],[30.7533,-3.3592],[29.7525,-4.4525],[29.3385,-4.4999],[29.0253,-2.8395],[29.6337,-2.9174],[29.9397,-2.3487],[30.4689,-2.413]]]]}},{"type":"Feature","properties":{"name":"Israel"},"geometry":{"type":"MultiPolygon","coordinates":[[[[35.7214,32.7093],[35.545,32.3945],[35.185,32.5332],[34.9761,31.8664],[35.2246,31.7547],[34.9257,31.3535],[35.3974,31.4889],[35.4226,31.0996],[34.9221,29.5019],[34.2669,31.2198],[35.0986,33.0799],[35.8222,33.278],[35.6998,32.716],[35.7214,32.7093]]]]}},{"type":"Feature","properties":{"name":"Lebanon"},"geometry":{"type":"MultiPolygon","coordinates":[[[[35.8222,33.278],[35.1274,33.0901],[35.9986,34.6456],[36.4486,34.5931],[36.6106,34.2021],[36.067,33.8247],[35.8222,33.278]]]]}},{"type":"Feature","properties":{"name":"Madagascar"},"geometry":{"type":"MultiPolygon","coordinates":[[[[49.5419,-12.4702],[50.0567,-13.5551],[50.3771,-15.7064],[50.2007,-16.0009],[49.8623,-15.4136],[49.6715,-15.7098],[49.7759,-16.8742],[49.4987,-17.1061],[49.4339,-17.9524],[47.0975,-24.941],[45.4091,-25.6011],[44.041,-24.9884],[43.3462,-22.7762],[43.4326,-21.3358],[43.8934,-21.1632],[44.4658,-19.4351],[43.9618,-17.4108],[44.4478,-16.2158],[46.3127,-15.7808],[47.7059,-14.5944],[48.0047,-14.0917],[47.8679,-13.6634],[48.2927,-13.7836],[49.1963,-12.0403],[49.5419,-12.4702]]]]}},{"type":"Feature","properties":{"name":"Palestine"},"geometry":{"type":"MultiPolygon","coordinates":[[[[35.3974,31.4889],[34.9257,31.3535],[35.2246,31.7547],[34.9761,31.8664],[35.185,32.5332],[35.545,32.3945],[35.545,31.7817],[35.3974,31.4889]]]]}},{"type":"Feature","properties":{"name":"Gambia"},"geometry":{"type":"MultiPolygon","coordinates":[[[[-16.7132,13.5952],[-15.0824,13.8762],[-14.6863,13.6308],[-14.0455,13.7932],[-13.8439,13.5055],[-16.8428,13.1518],[-16.7132,13.5952]]]]}},{"type":"Feature","properties":{"name":"Tunisia"},"geometry":{"type":"MultiPolygon","coordinates":[[[[9.4807,30.3075],[9.0559,32.1033],[7.6123,33.344],[7.5259,34.0972],[8.1415,34.6557],[8.4223,36.9457],[9.5095,37.3503],[10.2115,37.2301],[10.1791,36.724],[11.0287,37.0913],[10.6003,36.4092],[10.5931,35.9471],[10.9387,35.6983],[10.8091,34.8334],[10.1503,34.3307],[10.3411,33.7857],[10.8559,33.7688],[11.4895,33.1375],[11.4319,32.3691],[9.9487,31.3755],[9.9703,30.5394],[9.4807,30.3075]]]]}},{"type":"Feature","properties":{"name":"Algeria"},"geometry":{"type":"MultiPolygon","coordinates":[[[[-8.6851,27.3963],[-8.6743,28.8418],[-7.0579,29.5797],[-5.2435,30.0012],[-4.8582,30.5005],[-3.6918,30.8965],[-3.6486,31.6379],[-1.3086,32.2624],[-1.125,32.6517],[-2.169,35.1686],[-1.2078,35.7153],[1.467,36.6055],[5.3191,36.7173],[6.2623,37.1099],[8.4223,36.9457],[8.1415,34.6557],[7.5259,34.0972],[7.6123,33.344],[9.0559,32.1033],[9.8047,29.424],[9.7147,26.5128],[9.3187,26.0948],[10.3051,24.3785],[10.7731,24.563],[12.0007,23.4713],[5.6791,19.6004],[3.159,19.0571],[3.1482,19.6935],[2.061,20.142],[1.8234,20.6109],[-4.923,24.9743],[-8.6851,27.3963]]]]}},{"type":"Feature","properties":{"name":"Jordan"},"geometry":{"type":"MultiPolygon","coordinates":[[[[35.545,32.3945],[35.7214,32.7093],[36.8338,32.3132],[38.7922,33.3795],[39.1954,32.1609],[37.003,31.5092],[38.0002,30.5089],[36.0706,29.1972],[34.9221,29.5019],[35.545,31.7817],[35.545,32.3945]]]]}},{"type":"Feature","properties":{"name":"United Arab Emirates"},"geometry":{"type":"MultiPolygon","coordinates":[[[[51.5795,24.2448],[51.7955,24.0197],[54.0095,24.1212],[56.0724,26.0558],[56.2596,25.7139],[56.3964,24.9252],[55.8852,24.9201],[55.9824,24.1314],[55.5288,23.9334],[55.0068,22.4964],[52.0007,23.0008],[51.6191,24.0146],[51.5795,24.2448]]]]}},{"type":"Feature","properties":{"name":"Qatar"},"geometry":{"type":"MultiPolygon","coordinates":[[[[50.8091,24.7542],[50.7443,25.482],[51.2879,26.1151],[51.6083,25.2163],[51.1115,24.5562],[50.8091,24.7542]]]]}},{"type":"Feature","properties":{"name":"Kuwait"},"geometry":{"type":"MultiPolygon","coordinates":[[[[47.9759,29.9758],[48.4151,28.5523],[47.7095,28.5253],[47.4611,29.0026],[46.5683,29.099],[47.3027,30.0587],[47.9759,29.9758]]]]}},{"type":"Feature","properties":{"name":"Iraq"},"geometry":{"type":"MultiPolygon","coordinates":[[[[39.1954,32.1609],[38.7922,33.3795],[41.0062,34.4188],[41.3842,35.6289],[41.2906,36.3584],[42.7774,37.3858],[44.293,37.0016],[44.7718,37.1709],[45.4199,35.9776],[46.0751,35.678],[46.1507,35.0941],[45.6503,34.7488],[45.4163,33.9685],[46.1111,33.0173],[47.3351,32.4689],[47.8499,31.709],[47.6843,30.9846],[48.0047,30.9846],[48.0155,30.4531],[48.5663,29.9267],[47.3027,30.0587],[46.5683,29.099],[44.7106,29.1786],[41.8882,31.1894],[40.4014,31.8901],[39.1954,32.1609]]]]}},{"type":"Feature","properties":{"name":"Oman"},"geometry":{"type":"MultiPolygon","coordinates":[[[[55.2084,22.7079],[55.5288,23.9334],[55.9824,24.1314],[55.8852,24.9201],[56.3964,24.9252],[57.4044,23.8792],[58.7292,23.5661],[59.8056,22.3102],[58.488,20.4298],[57.8256,20.2436],[57.696,18.9454],[56.6088,18.5747],[56.2848,17.8757],[55.662,17.8842],[54.7907,16.9499],[54.2399,17.0446],[53.1095,16.6503],[52.0007,18.9995],[54.9995,19.9998],[55.6656,22.0005],[55.2084,22.7079]]],[[[56.2596,25.7139],[56.0724,26.0558],[56.3604,26.396],[56.3928,25.8967],[56.2596,25.7139]]]]}},{"type":"Feature","properties":{"name":"Vanuatu"},"geometry":{"type":"MultiPolygon","coordinates":[[[[167.2163,-15.8925],[167.8463,-16.4663],[167.5151,-16.5983],[167.1803,-16.16],[167.2163,-15.8925]]],[[[166.7915,-15.6691],[166.6295,-14.6265],[167.1083,-14.9346],[167.2703,-15.7402],[167.0003,-15.615],[166.7915,-15.6691]]]]}},{"type":"Feature","properties":{"name":"Cambodia"},"geometry":{"type":"MultiPolygon","coordinates":[[[[102.5848,12.187],[102.3472,13.3938],[102.988,14.2265],[104.2804,14.4161],[106.0445,13.8812],[106.4981,14.5701],[107.3837,14.2028],[107.6141,13.536],[107.4917,12.3376],[105.8105,11.5675],[106.2497,10.9616],[105.1985,10.8888],[104.3344,10.486],[103.4956,10.6332],[103.0924,11.1528],[102.5848,12.187]]]]}},{"type":"Feature","properties":{"name":"Thailand"},"geometry":{"type":"MultiPolygon","coordinates":[[[[105.2201,14.2739],[102.988,14.2265],[102.3472,13.3938],[102.5848,12.187],[101.6884,12.6457],[100.8316,12.6271],[100.9792,13.4124],[100.0972,13.4073],[100.018,12.3072],[99.154,9.963],[99.2224,9.2386],[99.874,9.2081],[100.4608,7.4292],[102.142,6.2224],[101.8144,5.8111],[101.1556,5.691],[101.0764,6.2055],[100.2592,6.6422],[100.0864,6.4645],[98.5024,8.3821],[98.3404,7.7948],[98.1496,8.35],[98.5528,9.9325],[99.586,11.8925],[99.0964,13.8271],[98.1928,15.1236],[98.5384,15.3081],[98.902,16.1781],[97.3756,18.4461],[97.7968,18.6272],[98.254,19.7087],[98.9596,19.7527],[100.1152,20.4179],[100.5472,20.1099],[100.6048,19.509],[101.2816,19.4633],[101.0584,17.5118],[102.1132,18.1093],[102.9988,17.962],[103.2004,18.309],[103.9564,18.2413],[104.716,17.4289],[104.7808,16.4421],[105.5873,15.5704],[105.5441,14.7241],[105.2201,14.2739]]]]}},{"type":"Feature","properties":{"name":"Laos"},"geometry":{"type":"MultiPolygon","coordinates":[[[[107.3837,14.2028],[106.4981,14.5701],[106.0445,13.8812],[105.2201,14.2739],[105.5441,14.7241],[105.5873,15.5704],[104.7808,16.4421],[104.716,17.4289],[103.9564,18.2413],[103.2004,18.309],[102.9988,17.962],[102.1132,18.1093],[101.0584,17.5118],[101.2816,19.4633],[100.6048,19.509],[100.5472,20.1099],[100.1152,20.4179],[101.1808,21.4368],[101.2708,21.2016],[101.8036,21.1745],[101.6524,22.3187],[102.1708,22.4642],[103.204,20.7666],[104.4352,20.7581],[104.824,19.8864],[103.8952,19.2653],[105.0941,18.6678],[107.3117,15.9089],[107.5637,15.2014],[107.3837,14.2028]]]]}},{"type":"Feature","properties":{"name":"Myanmar"},"geometry":{"type":"MultiPolygon","coordinates":[[[[100.1152,20.4179],[98.9596,19.7527],[98.254,19.7087],[97.7968,18.6272],[97.3756,18.4461],[98.902,16.1781],[98.5384,15.3081],[98.1928,15.1236],[99.0964,13.8271],[99.586,11.8925],[98.5528,9.9325],[98.4556,10.6755],[98.7652,11.4406],[98.4268,12.033],[98.5096,13.123],[98.1028,13.6409],[97.5988,16.1002],[97.1632,16.9295],[95.3704,15.7143],[94.1895,16.0376],[94.5351,17.2765],[94.3263,18.2142],[93.5415,19.3668],[93.6639,19.7273],[93.0771,19.856],[92.3679,20.6701],[92.3031,21.4758],[92.6523,21.3234],[92.6739,22.0411],[93.1671,22.278],[93.3255,24.0789],[94.1067,23.8504],[95.1544,26.0017],[95.1256,26.5737],[96.418,27.2643],[97.1344,27.0832],[97.0516,27.6993],[97.4008,27.8821],[97.3288,28.2612],[97.912,28.3357],[98.6824,27.508],[98.6716,25.9187],[97.7248,25.0843],[97.606,23.8978],[98.6608,24.0637],[98.8984,23.1429],[99.532,22.9483],[99.2404,22.1189],[100.4176,21.5587],[101.1484,21.8498],[101.1808,21.4368],[100.3276,20.7869],[100.1152,20.4179]]]]}},{"type":"Feature","properties":{"name":"Vietnam"},"geometry":{"type":"MultiPolygon","coordinates":[[[[104.3344,10.486],[105.1985,10.8888],[106.2497,10.9616],[105.8105,11.5675],[107.4917,12.3376],[107.5637,15.2014],[107.3117,15.9089],[105.0941,18.6678],[103.8952,19.2653],[104.824,19.8864],[104.4352,20.7581],[103.204,20.7666],[102.1708,22.4642],[104.4784,22.8197],[105.3281,23.3528],[106.7249,22.7943],[106.5665,22.2188],[107.0417,21.8126],[108.0497,21.5519],[106.7141,20.6972],[105.8825,19.7527],[105.6629,19.0588],[107.3621,16.6977],[108.8777,15.2759],[109.3349,13.426],[109.2017,11.6674],[105.1589,8.6005],[104.7952,9.2403],[105.0761,9.919],[104.3344,10.486]]]]}},{"type":"Feature","properties":{"name":"North Korea"},"geometry":{"type":"MultiPolygon","coordinates":[[[[130.7803,42.2198],[130.7803,42.2198],[130.7803,42.2198]]],[[[130.6399,42.3958],[130.7803,42.2198],[130.3987,42.2807],[129.6679,41.6003],[129.7039,40.8826],[127.5331,39.7571],[127.3855,39.2138],[128.3503,38.6129],[128.2063,38.3709],[127.0723,38.2558],[126.6835,37.8056],[125.6899,37.9393],[125.2759,37.6685],[124.7106,38.1085],[125.2219,38.6654],[125.3875,39.3881],[124.2642,39.928],[126.8707,41.8169],[127.3423,41.5038],[128.2099,41.4666],[128.0515,41.9946],[129.5959,42.4246],[129.9955,42.9848],[130.6399,42.3958]]]]}},{"type":"Feature","properties":{"name":"South Korea"},"geometry":{"type":"MultiPolygon","coordinates":[[[[126.1759,37.7497],[128.3503,38.6129],[129.4591,36.785],[129.4699,35.6323],[129.0919,35.0822],[126.4855,34.39],[126.5575,35.6848],[126.1183,36.7257],[126.8599,36.8933],[126.1759,37.7497]]]]}},{"type":"Feature","properties":{"name":"Mongolia"},"geometry":{"type":"MultiPolygon","coordinates":[[[[87.7527,49.298],[92.2347,50.8027],[94.1463,50.4811],[94.8159,50.014],[97.2604,49.7263],[98.2324,50.4219],[97.8256,51.0109],[98.8624,52.0468],[102.0664,51.2597],[102.2572,50.5099],[103.6756,50.0902],[105.8861,50.4067],[106.8905,50.2746],[108.4745,49.2828],[110.6633,49.1305],[112.8989,49.5435],[114.3641,50.2476],[115.4874,49.8058],[116.679,49.8887],[115.4838,48.1353],[115.743,47.7273],[117.2946,47.6969],[118.065,48.0675],[119.7714,47.0486],[119.6634,46.6932],[117.4206,46.6729],[115.9842,45.7267],[113.4641,44.8094],[111.8729,45.1022],[111.3473,44.4573],[111.8297,43.7431],[110.4113,42.8714],[106.1309,42.1351],[104.9644,41.5969],[104.5216,41.9083],[103.312,41.9066],[100.846,42.6632],[96.3496,42.7258],[95.3056,44.2407],[93.4803,44.9752],[90.9459,45.2867],[90.5859,45.72],[90.9711,46.8878],[90.2799,47.6935],[88.8543,48.0692],[88.0155,48.599],[87.7527,49.298]]]]}},{"type":"Feature","properties":{"name":"India"},"geometry":{"type":"MultiPolygon","coordinates":[[[[97.3288,28.2612],[97.4008,27.8821],[97.0516,27.6993],[97.1344,27.0832],[96.418,27.2643],[95.1256,26.5737],[95.1544,26.0017],[94.5531,24.6747],[94.1067,23.8504],[93.3255,24.0789],[93.1671,22.278],[92.6739,22.0411],[92.1447,23.627],[91.8711,23.6236],[91.7055,22.9855],[91.1583,23.5034],[91.4679,24.0721],[91.9143,24.1297],[92.3751,24.976],[89.9199,25.2705],[89.8335,25.9644],[88.5627,26.4468],[88.2099,25.7681],[88.9299,25.2383],[88.0839,24.5021],[88.6995,24.2329],[88.5303,23.6304],[89.0307,22.0563],[88.8903,21.6907],[86.9751,21.4961],[87.0327,20.7429],[86.4999,20.1522],[85.0599,19.4785],[82.1942,17.0159],[82.1906,16.5572],[80.3258,15.8988],[80.0234,15.1371],[80.2862,13.0062],[79.8614,12.0567],[79.8578,10.3573],[79.3394,10.3083],[78.8858,9.5466],[79.1882,9.2166],[78.2774,8.9322],[77.5394,7.9658],[76.5926,8.9],[75.7466,11.3086],[74.8645,12.7422],[74.4433,14.6175],[73.5325,15.9902],[72.6289,21.3556],[71.1745,20.7581],[70.4689,20.8766],[69.1657,22.0885],[69.6445,22.4507],[69.3493,22.8433],[68.1757,23.6913],[68.8417,24.3599],[71.0449,24.3565],[70.8433,25.2146],[70.2817,25.7224],[70.1701,26.4925],[69.5149,26.941],[70.6165,27.9887],[71.7793,27.9126],[74.4217,30.9795],[74.4073,31.692],[75.257,32.2709],[74.4505,32.7651],[73.7485,34.3172],[74.2417,34.7488],[75.7574,34.5051],[76.8734,34.654],[77.8382,35.4935],[78.911,34.3223],[78.8102,33.5065],[79.2098,32.9936],[79.1774,32.4842],[78.4574,32.6179],[78.7382,31.516],[81.1106,30.184],[80.477,29.7304],[80.0882,28.7944],[83.303,27.3642],[84.6746,27.2355],[85.2507,26.7261],[88.0587,26.4146],[88.1199,27.877],[88.7319,28.0869],[88.8363,27.0984],[89.7435,26.7193],[92.0331,26.8378],[92.1051,27.4522],[91.6983,27.7721],[92.5047,27.8973],[94.5675,29.2768],[95.4064,29.0313],[96.1192,29.4528],[96.5872,28.8316],[96.2488,28.4119],[97.3288,28.2612]]]]}},{"type":"Feature","properties":{"name":"Bangladesh"},"geometry":{"type":"MultiPolygon","coordinates":[[[[92.6739,22.0411],[92.6523,21.3234],[92.3031,21.4758],[92.3679,20.6701],[91.4175,22.7655],[90.4959,22.8044],[90.5859,22.3931],[90.2727,21.8363],[89.0307,22.0563],[88.5303,23.6304],[88.6995,24.2329],[88.0839,24.5021],[88.9299,25.2383],[88.2099,25.7681],[88.5627,26.4468],[89.8335,25.9644],[89.9199,25.2705],[92.3751,24.976],[91.9143,24.1297],[91.4679,24.0721],[91.1583,23.5034],[91.7055,22.9855],[91.8711,23.6236],[92.1447,23.627],[92.6739,22.0411]]]]}},{"type":"Feature","properties":{"name":"Bhutan"},"geometry":{"type":"MultiPolygon","coordinates":[[[[91.6983,27.7721],[92.1051,27.4522],[92.0331,26.8378],[89.7435,26.7193],[88.8363,27.0984],[89.4771,28.0429],[90.0171,28.2968],[91.2591,28.0412],[91.6983,27.7721]]]]}},{"type":"Feature","properties":{"name":"Nepal"},"geometry":{"type":"MultiPolygon","coordinates":[[[[88.1199,27.877],[88.0587,26.4146],[87.2271,26.3977],[85.2507,26.7261],[84.6746,27.2355],[83.303,27.3642],[80.0882,28.7944],[80.477,29.7304],[81.5246,30.4226],[83.9006,29.3208],[84.2354,28.8401],[86.9535,27.9735],[88.1199,27.877]]]]}},{"type":"Feature","properties":{"name":"Pakistan"},"geometry":{"type":"MultiPolygon","coordinates":[[[[77.8382,35.4935],[76.8734,34.654],[75.7574,34.5051],[74.2417,34.7488],[73.7485,34.3172],[74.4505,32.7651],[75.257,32.2709],[74.4073,31.692],[74.4217,30.9795],[71.7793,27.9126],[70.6165,27.9887],[69.5149,26.941],[70.1701,26.4925],[70.2817,25.7224],[70.8433,25.2146],[71.0449,24.3565],[68.8417,24.3599],[68.1757,23.6913],[67.4449,23.9452],[66.3721,25.4245],[61.4976,25.0775],[61.8756,26.2403],[63.3156,26.7565],[63.2328,27.2169],[62.754,27.3794],[62.7288,28.2595],[61.7712,28.6996],[60.8748,29.8285],[62.5488,29.3191],[65.0473,29.4714],[66.3469,29.8878],[66.3829,30.7391],[66.9373,31.3044],[67.6825,31.3028],[67.7941,31.5837],[68.9281,31.621],[69.3169,31.9019],[69.2629,32.5028],[69.6877,33.1053],[70.3249,33.3592],[69.9289,34.0193],[70.8829,33.9888],[71.1133,34.7336],[71.6137,35.1533],[71.2609,36.0741],[71.8477,36.5108],[75.1598,37.1336],[75.8978,36.6665],[76.193,35.8981],[77.8382,35.4935]]]]}},{"type":"Feature","properties":{"name":"Afghanistan"},"geometry":{"type":"MultiPolygon","coordinates":[[[[66.5197,37.3621],[68.1361,37.0236],[68.8597,37.3435],[69.1945,37.1505],[69.5185,37.6092],[70.1161,37.5889],[70.8073,38.486],[71.3473,38.2592],[71.4481,37.0659],[71.8441,36.7376],[73.2589,37.4958],[74.9797,37.4197],[75.1598,37.1336],[71.8477,36.5108],[71.2609,36.0741],[71.6137,35.1533],[71.1133,34.7336],[70.8829,33.9888],[69.9289,34.0193],[70.3249,33.3592],[69.6877,33.1053],[69.2629,32.5028],[69.3169,31.9019],[68.9281,31.621],[67.7941,31.5837],[67.6825,31.3028],[66.9373,31.3044],[66.3829,30.7391],[66.3469,29.8878],[65.0473,29.4714],[62.5488,29.3191],[60.8748,29.8285],[61.782,30.7357],[61.6992,31.3789],[60.9432,31.5482],[60.5364,32.9818],[60.9648,33.5285],[60.5292,33.6757],[61.2096,35.6492],[62.232,35.2701],[62.9844,35.4038],[63.1932,35.8574],[64.5468,36.3127],[64.7448,37.1116],[65.5873,37.3046],[65.7457,37.6617],[66.2173,37.3943],[66.5197,37.3621]]]]}},{"type":"Feature","properties":{"name":"Tajikistan"},"geometry":{"type":"MultiPolygon","coordinates":[[[[67.8301,37.1455],[68.3917,38.1576],[68.1757,38.9023],[67.4413,39.1393],[67.7005,39.5811],[68.5357,39.5337],[69.3313,40.7286],[70.6669,40.9605],[70.4581,40.4967],[70.6021,40.2192],[71.0125,40.2445],[70.6489,39.9365],[69.5581,40.1024],[69.4645,39.5269],[70.5481,39.6048],[71.7829,39.2798],[73.6765,39.4304],[73.9285,38.5063],[74.8645,38.3793],[74.9797,37.4197],[73.2589,37.4958],[71.8441,36.7376],[71.4481,37.0659],[71.3473,38.2592],[70.8073,38.486],[70.1161,37.5889],[69.5185,37.6092],[69.1945,37.1505],[68.8597,37.3435],[68.1361,37.0236],[67.8301,37.1455]]]]}},{"type":"Feature","properties":{"name":"Kyrgyzstan"},"geometry":{"type":"MultiPolygon","coordinates":[[[[70.9621,42.2655],[71.1853,42.7038],[71.8441,42.846],[73.4893,42.5007],[73.6441,43.0914],[74.2129,43.2979],[75.6386,42.8782],[79.1414,42.8562],[80.261,42.3501],[78.1874,41.1856],[76.9058,41.0671],[76.5278,40.4273],[74.7781,40.3664],[73.8205,39.8942],[73.9609,39.6606],[73.6765,39.4304],[71.7829,39.2798],[70.5481,39.6048],[69.4645,39.5269],[69.5581,40.1024],[70.6489,39.9365],[71.0125,40.2445],[71.7757,40.1464],[73.0537,40.8657],[71.8693,41.3921],[71.1565,41.1433],[70.4185,41.5207],[71.2609,42.1673],[70.9621,42.2655]]]]}},{"type":"Feature","properties":{"name":"Turkmenistan"},"geometry":{"type":"MultiPolygon","coordinates":[[[[52.5011,41.7831],[54.0779,42.3247],[54.7547,42.0437],[55.4568,41.2601],[57.0948,41.3227],[56.9328,41.8254],[58.6284,42.7512],[59.9748,42.2231],[60.0828,41.4259],[60.4644,41.2211],[61.8828,41.0841],[62.376,40.0533],[64.1688,38.8922],[66.5449,37.9748],[66.5197,37.3621],[65.7457,37.6617],[65.5873,37.3046],[64.7448,37.1116],[64.5468,36.3127],[63.1932,35.8574],[62.9844,35.4038],[62.232,35.2701],[61.2096,35.6492],[61.1232,36.4921],[60.378,36.5277],[59.2332,37.4129],[57.3288,38.029],[55.5108,37.9647],[54.8015,37.3926],[53.9231,37.1996],[53.8799,38.9514],[53.1023,39.2899],[53.3579,39.9754],[52.6955,40.033],[52.9151,40.8759],[53.8583,40.6304],[54.7367,40.9503],[53.7215,42.1233],[52.9151,41.8677],[52.8143,41.1348],[52.5011,41.7831]]]]}},{"type":"Feature","properties":{"name":"Iran"},"geometry":{"type":"MultiPolygon","coordinates":[[[[48.5663,29.9267],[48.0155,30.4531],[48.0047,30.9846],[47.6843,30.9846],[47.8499,31.709],[47.3351,32.4689],[46.1111,33.0173],[45.4163,33.9685],[45.6503,34.7488],[46.1507,35.0941],[46.0751,35.678],[45.4199,35.9776],[44.2246,37.9714],[44.4226,38.2812],[44.1094,39.4287],[44.7934,39.7131],[45.4595,38.8736],[46.1435,38.7416],[48.0587,39.5828],[48.3539,39.2882],[48.0119,38.794],[48.8831,38.3201],[49.1999,37.5821],[50.1467,37.374],[50.8415,36.873],[52.2635,36.7003],[53.8259,36.9644],[55.5108,37.9647],[56.6196,38.1221],[59.2332,37.4129],[60.378,36.5277],[61.1232,36.4921],[61.2096,35.6492],[60.5292,33.6757],[60.9648,33.5285],[60.5364,32.9818],[60.9432,31.5482],[61.6992,31.3789],[61.782,30.7357],[60.8748,29.8285],[61.7712,28.6996],[62.7288,28.2595],[62.754,27.3794],[63.2328,27.2169],[63.3156,26.7565],[61.8756,26.2403],[61.4976,25.0775],[57.3972,25.7393],[56.9724,26.9664],[56.4936,27.1441],[54.7151,26.4807],[53.4947,26.8124],[52.4831,27.5808],[51.5219,27.8652],[50.1143,30.1484],[49.5779,29.9859],[48.9407,30.3177],[48.5663,29.9267]]]]}},{"type":"Feature","properties":{"name":"Syria"},"geometry":{"type":"MultiPolygon","coordinates":[[[[35.7214,32.7093],[36.067,33.8247],[36.6106,34.2021],[36.4486,34.5931],[35.9986,34.6456],[35.905,35.4106],[36.6862,36.2603],[36.7402,36.8171],[37.0678,36.6225],[38.1694,36.9017],[39.523,36.7156],[42.349,37.2301],[41.2906,36.3584],[41.3842,35.6289],[41.0062,34.4188],[36.8338,32.3132],[35.7214,32.7093]]]]}},{"type":"Feature","properties":{"name":"Armenia"},"geometry":{"type":"MultiPolygon","coordinates":[[[[46.5071,38.7703],[46.1435,38.7416],[45.7403,39.4744],[43.6558,40.253],[43.5838,41.0925],[44.9734,41.2482],[45.8915,40.2192],[45.6107,39.8993],[46.4819,39.4643],[46.5071,38.7703]]]]}},{"type":"Feature","properties":{"name":"Sweden"},"geometry":{"type":"MultiPolygon","coordinates":[[[[11.0287,58.8559],[12.2995,60.1186],[12.6307,61.2932],[11.9935,61.801],[11.9323,63.1279],[12.5803,64.0656],[13.5703,64.0487],[13.9195,64.4447],[13.5559,64.7866],[16.7672,68.0144],[17.7284,68.011],[17.9948,68.5678],[19.8776,68.407],[20.0252,69.0654],[20.6444,69.1061],[23.5388,67.9365],[23.5676,66.3963],[23.9024,66.007],[22.1816,65.7243],[21.2132,65.0253],[21.368,64.4143],[17.8472,62.7488],[17.12,61.3406],[18.7868,60.0813],[17.8688,58.9541],[16.8284,58.7205],[16.4468,57.0415],[15.8816,56.1038],[14.6683,56.2003],[14.0995,55.4082],[12.9439,55.3625],[11.7883,57.4426],[11.0287,58.8559]]]]}},{"type":"Feature","properties":{"name":"Belarus"},"geometry":{"type":"MultiPolygon","coordinates":[[[[28.1757,56.1698],[29.3709,55.6705],[30.8757,55.5503],[30.7569,54.8124],[31.7325,53.7935],[32.6937,53.3517],[31.3041,53.0741],[31.7865,52.1009],[30.9261,52.0417],[30.5553,51.319],[25.3281,51.9113],[23.528,51.5779],[23.2004,52.4868],[23.798,52.6916],[23.4848,53.912],[25.5369,54.2826],[25.7673,54.8462],[26.5881,55.1678],[26.4945,55.6147],[27.1029,55.7839],[28.1757,56.1698]]]]}},{"type":"Feature","properties":{"name":"Ukraine"},"geometry":{"type":"MultiPolygon","coordinates":[[[[31.7865,52.1009],[33.7521,52.3345],[34.3929,51.7692],[34.2237,51.2563],[35.023,51.2072],[35.3578,50.5776],[36.625,50.2256],[37.3918,50.3847],[38.011,49.9158],[40.0702,49.601],[39.6742,48.7835],[39.8974,48.2317],[39.739,47.8983],[38.7706,47.8255],[38.2558,47.5462],[38.2234,47.1028],[34.9617,46.2734],[35.0122,45.7369],[33.6981,46.2193],[33.4353,45.9722],[31.7433,46.3327],[31.6749,46.7067],[30.7497,46.5832],[29.6049,45.2934],[28.6797,45.3036],[28.2333,45.4881],[28.8633,46.4376],[30.0261,46.4241],[29.0505,47.5107],[29.1225,47.8492],[28.6725,48.1183],[27.5241,48.467],[24.8672,47.7375],[23.1428,48.0963],[22.7108,47.8814],[22.0844,48.423],[22.5596,49.0865],[22.7756,49.0272],[22.52,49.4774],[23.4272,50.3085],[23.924,50.4253],[24.0284,50.7062],[23.528,51.5779],[25.3281,51.9113],[30.5553,51.319],[30.9261,52.0417],[31.7865,52.1009]]]]}},{"type":"Feature","properties":{"name":"Poland"},"geometry":{"type":"MultiPolygon","coordinates":[[[[23.4848,53.912],[23.798,52.6916],[23.2004,52.4868],[24.0284,50.7062],[22.52,49.4774],[22.7756,49.0272],[21.6092,49.4707],[19.8236,49.2168],[19.3196,49.5722],[18.9092,49.4351],[18.3944,49.9886],[17.6492,50.0495],[17.5556,50.3627],[16.868,50.4744],[16.7204,50.2154],[16.1768,50.4219],[16.238,50.6978],[15.0176,51.1074],[14.0743,52.981],[14.3515,53.2485],[14.1211,53.7562],[17.624,54.8513],[18.6212,54.6821],[18.6968,54.4383],[23.2436,54.22],[23.4848,53.912]]]]}},{"type":"Feature","properties":{"name":"Austria"},"geometry":{"type":"MultiPolygon","coordinates":[[[[16.9796,48.1234],[16.904,47.7155],[16.3424,47.7121],[16.5332,47.4955],[16.0112,46.683],[14.6323,46.4325],[12.3751,46.7677],[12.1519,47.1146],[11.0503,46.7507],[9.4807,47.1028],[9.5959,47.5242],[9.8947,47.5801],[10.4023,47.3025],[10.5427,47.5666],[12.1411,47.7036],[12.9331,47.4684],[12.8827,48.2893],[13.5955,48.8766],[14.3371,48.555],[15.2552,49.0391],[16.8788,48.4704],[16.9796,48.1234]]]]}},{"type":"Feature","properties":{"name":"Hungary"},"geometry":{"type":"MultiPolygon","coordinates":[[[[22.0844,48.423],[22.7108,47.8814],[22.0988,47.6732],[21.0224,46.3158],[18.4556,45.7589],[17.6312,45.9518],[16.202,46.8523],[16.5332,47.4955],[16.3424,47.7121],[16.904,47.7155],[16.9796,48.1234],[17.858,47.7578],[20.8028,48.6244],[21.872,48.3197],[22.0844,48.423]]]]}},{"type":"Feature","properties":{"name":"Moldova"},"geometry":{"type":"MultiPolygon","coordinates":[[[[26.6205,48.2216],[27.5241,48.467],[28.6725,48.1183],[29.1225,47.8492],[29.0505,47.5107],[30.0261,46.4241],[28.8633,46.4376],[28.2333,45.4881],[28.1289,46.81],[26.9229,48.1234],[26.6205,48.2216]]]]}},{"type":"Feature","properties":{"name":"Romania"},"geometry":{"type":"MultiPolygon","coordinates":[[[[28.2333,45.4881],[29.6049,45.2934],[29.6265,45.0362],[28.8381,44.9143],[28.5573,43.7075],[27.2433,44.1764],[25.5693,43.6889],[22.9448,43.8243],[22.4732,44.4099],[22.7072,44.5775],[22.1456,44.4776],[21.5624,44.7688],[21.4832,45.1817],[20.2196,46.1279],[21.0224,46.3158],[22.0988,47.6732],[23.1428,48.0963],[24.8672,47.7375],[26.6205,48.2216],[28.1289,46.81],[28.0533,45.9451],[28.2333,45.4881]]]]}},{"type":"Feature","properties":{"name":"Lithuania"},"geometry":{"type":"MultiPolygon","coordinates":[[[[26.4945,55.6147],[26.5881,55.1678],[25.7673,54.8462],[25.5369,54.2826],[23.4848,53.912],[22.7324,54.3283],[22.7576,54.8564],[21.2672,55.1898],[21.0548,56.031],[22.1996,56.3374],[24.86,56.3729],[25.5333,56.1004],[26.4945,55.6147]]]]}},{"type":"Feature","properties":{"name":"Latvia"},"geometry":{"type":"MultiPolygon","coordinates":[[[[27.2865,57.4748],[27.7689,57.2446],[28.1757,56.1698],[26.4945,55.6147],[24.86,56.3729],[22.1996,56.3374],[21.0548,56.031],[21.0908,56.7842],[21.5804,57.4122],[22.5236,57.7541],[23.3192,57.006],[24.122,57.0263],[24.3128,57.793],[25.1661,57.9707],[26.4621,57.4765],[27.2865,57.4748]]]]}},{"type":"Feature","properties":{"name":"Estonia"},"geometry":{"type":"MultiPolygon","coordinates":[[[[27.9813,59.4754],[28.1325,59.3011],[27.4197,58.7239],[27.7185,57.7913],[27.2865,57.4748],[26.4621,57.4765],[25.1661,57.9707],[24.3128,57.793],[24.428,58.3837],[24.0608,58.2568],[23.4272,58.6122],[23.3408,59.1877],[25.8645,59.6108],[26.9481,59.4466],[27.9813,59.4754]]]]}},{"type":"Feature","properties":{"name":"Germany"},"geometry":{"type":"MultiPolygon","coordinates":[[[[14.1211,53.7562],[14.3515,53.2485],[14.0743,52.981],[15.0176,51.1074],[14.3083,51.1175],[12.2383,50.2662],[12.5227,49.5468],[13.5955,48.8766],[12.8827,48.2893],[12.9331,47.4684],[12.1411,47.7036],[10.5427,47.5666],[10.4023,47.3025],[8.5231,47.8306],[7.4683,47.6207],[8.0983,49.0171],[6.6583,49.2016],[6.1867,49.4639],[6.0427,50.1274],[5.9887,51.8521],[6.5899,51.8521],[6.8419,52.2279],[7.1011,53.6936],[7.9363,53.7478],[8.1235,53.5277],[8.8003,54.0203],[8.5267,54.963],[9.9235,54.9833],[9.9379,54.5974],[10.9495,54.3639],[10.9387,54.0084],[12.5191,54.4705],[13.6459,54.0761],[14.1211,53.7562]]]]}},{"type":"Feature","properties":{"name":"Bulgaria"},"geometry":{"type":"MultiPolygon","coordinates":[[[[22.6568,44.2356],[22.9448,43.8243],[25.5693,43.6889],[27.2433,44.1764],[28.5573,43.7075],[27.6753,42.5786],[27.9957,42.0082],[27.1353,42.1419],[26.1165,41.8271],[26.1057,41.3295],[25.1985,41.2347],[24.4928,41.5834],[22.952,41.3379],[22.88,41.9997],[22.3796,42.3196],[22.9844,43.2116],[22.412,44.0088],[22.6568,44.2356]]]]}},{"type":"Feature","properties":{"name":"Greece"},"geometry":{"type":"MultiPolygon","coordinates":[[[[26.2893,35.3006],[26.1633,35.0044],[24.7232,34.9198],[23.5136,35.2803],[23.7008,35.7051],[24.248,35.3683],[25.7457,35.1804],[26.2893,35.3006]]],[[[22.952,41.3379],[24.4928,41.5834],[25.1985,41.2347],[26.1057,41.3295],[26.1165,41.8271],[26.6025,41.5614],[26.0553,40.8234],[24.9248,40.947],[23.7152,40.6863],[24.4064,40.1244],[23.3444,39.9602],[22.8152,40.4764],[22.628,40.2564],[23.3516,39.1901],[22.9736,38.9717],[24.0248,38.2202],[24.0392,37.6549],[23.114,37.9207],[23.4092,37.4095],[22.7756,37.3046],[23.1536,36.4227],[22.4912,36.4092],[21.6704,36.8442],[21.1196,38.3099],[20.1512,39.6251],[21.0188,40.842],[22.7612,41.3041],[22.952,41.3379]]]]}},{"type":"Feature","properties":{"name":"Turkey"},"geometry":{"type":"MultiPolygon","coordinates":[[[[44.7718,37.1709],[44.293,37.0016],[42.7774,37.3858],[39.523,36.7156],[38.1694,36.9017],[37.0678,36.6225],[36.7402,36.8171],[36.6862,36.2603],[36.1498,35.8219],[35.7826,36.2755],[36.1606,36.6512],[34.7133,36.7951],[34.0257,36.2196],[32.5101,36.1079],[31.7001,36.6445],[30.6201,36.6783],[30.3897,36.2636],[29.6985,36.1452],[28.7337,36.6766],[27.6429,36.658],[27.0489,37.6532],[26.3181,38.2084],[26.8041,38.9853],[26.1705,39.4643],[27.2793,40.4206],[28.8201,40.4595],[29.2413,41.2195],[31.1457,41.0874],[33.5145,42.0183],[35.167,42.0403],[38.3494,40.9486],[40.3726,41.013],[41.5534,41.536],[42.619,41.5834],[43.5838,41.0925],[43.6558,40.253],[44.7934,39.7131],[44.1094,39.4287],[44.4226,38.2812],[44.2246,37.9714],[44.7718,37.1709]]],[[[26.1165,41.8271],[27.1353,42.1419],[27.9957,42.0082],[28.1145,41.6223],[28.9893,41.3007],[28.8057,41.0553],[27.6177,40.9994],[26.3577,40.1515],[26.0553,40.8234],[26.6025,41.5614],[26.1165,41.8271]]]]}},{"type":"Feature","properties":{"name":"Albania"},"geometry":{"type":"MultiPolygon","coordinates":[[[[21.0188,40.842],[20.1512,39.6251],[19.406,40.2513],[19.5392,41.7205],[19.3052,42.1961],[19.7372,42.6886],[20.522,42.2181],[20.6048,41.0857],[21.0188,40.842]]]]}},{"type":"Feature","properties":{"name":"Croatia"},"geometry":{"type":"MultiPolygon","coordinates":[[[[16.5656,46.5036],[17.6312,45.9518],[18.83,45.9095],[19.3916,45.2359],[19.0064,44.8601],[17.0012,45.2342],[16.3172,45.004],[15.9608,45.2342],[15.7484,44.8195],[17.6744,43.0288],[18.56,42.6497],[18.4484,42.4804],[16.0148,43.5078],[15.176,44.2424],[15.3776,44.3185],[14.9023,45.0768],[14.2579,45.2342],[13.9519,44.8026],[13.6567,45.1377],[13.7143,45.4999],[15.3272,45.4525],[15.77,46.2379],[16.5656,46.5036]]]]}},{"type":"Feature","properties":{"name":"Switzerland"},"geometry":{"type":"MultiPolygon","coordinates":[[[[9.5959,47.5242],[9.4807,47.1028],[10.4419,46.8929],[10.3627,46.4833],[9.1819,46.441],[8.9659,46.0365],[8.3179,46.1634],[7.2739,45.7775],[6.4999,46.4292],[6.0211,46.2734],[6.0391,46.7253],[6.7699,47.2873],[6.7375,47.5412],[8.3179,47.6139],[8.5231,47.8306],[9.5959,47.5242]]]]}},{"type":"Feature","properties":{"name":"Luxembourg"},"geometry":{"type":"MultiPolygon","coordinates":[[[[6.0427,50.1274],[6.1867,49.4639],[5.6755,49.5299],[5.7835,50.0902],[6.0427,50.1274]]]]}},{"type":"Feature","properties":{"name":"Belgium"},"geometry":{"type":"MultiPolygon","coordinates":[[[[6.1579,50.8044],[5.6755,49.5299],[4.8006,49.9852],[4.2858,49.9074],[3.123,50.7807],[2.6586,50.7976],[2.5146,51.148],[4.9734,51.4747],[5.6071,51.038],[6.1579,50.8044]]]]}},{"type":"Feature","properties":{"name":"Netherlands"},"geometry":{"type":"MultiPolygon","coordinates":[[[[6.9067,53.482],[7.0903,53.1435],[6.8419,52.2279],[6.5899,51.8521],[5.9887,51.8521],[6.1579,50.8044],[4.9734,51.4747],[3.3138,51.346],[3.8286,51.6202],[4.707,53.0911],[6.0751,53.5108],[6.9067,53.482]]]]}},{"type":"Feature","properties":{"name":"Portugal"},"geometry":{"type":"MultiPolygon","coordinates":[[[[-9.0343,41.8812],[-8.2639,42.2807],[-8.0119,41.7915],[-6.6691,41.8829],[-6.3883,41.3819],[-6.8527,41.1111],[-7.0651,39.7114],[-7.4971,39.6301],[-7.0975,39.0293],[-7.3747,38.3726],[-7.0291,38.0764],[-7.5367,37.4281],[-7.4539,37.0981],[-7.8571,36.8391],[-8.8975,36.8696],[-8.8399,38.2659],[-9.5275,38.7382],[-8.7679,40.7608],[-8.9911,41.5427],[-9.0343,41.8812]]]]}},{"type":"Feature","properties":{"name":"Spain"},"geometry":{"type":"MultiPolygon","coordinates":[[[[-7.4539,37.0981],[-7.5367,37.4281],[-7.0291,38.0764],[-7.3747,38.3726],[-7.0975,39.0293],[-7.4971,39.6301],[-7.0651,39.7114],[-6.8527,41.1111],[-6.3883,41.3819],[-6.6691,41.8829],[-8.0119,41.7915],[-8.2639,42.2807],[-9.0343,41.8812],[-8.9839,42.5921],[-9.3943,43.0271],[-7.9795,43.7481],[-1.9026,43.4232],[-1.503,43.0339],[0.3366,42.5803],[0.7002,42.7952],[1.827,42.3433],[2.9862,42.4736],[3.0402,41.8914],[2.0934,41.2262],[0.8118,41.0147],[-0.279,39.3102],[0.1098,38.7382],[-0.4662,38.293],[-0.6822,37.6431],[-1.4382,37.4434],[-2.1474,36.6749],[-4.3686,36.6783],[-5.3767,35.9471],[-5.8663,36.0301],[-6.5215,36.9424],[-7.4539,37.0981]]]]}},{"type":"Feature","properties":{"name":"Ireland"},"geometry":{"type":"MultiPolygon","coordinates":[[[[-6.1975,53.8679],[-6.0319,53.1537],[-6.7879,52.26],[-8.5627,51.6693],[-9.9775,51.82],[-9.1675,52.8643],[-9.6895,53.8815],[-7.5727,55.1323],[-7.3675,54.5957],[-7.5727,54.0592],[-6.9535,54.0744],[-6.1975,53.8679]]]]}},{"type":"Feature","properties":{"name":"New Caledonia"},"geometry":{"type":"MultiPolygon","coordinates":[[[[165.7799,-21.0802],[167.1191,-22.1601],[166.7411,-22.4004],[165.4739,-21.6794],[164.0302,-20.1053],[165.4595,-20.7993],[165.7799,-21.0802]]]]}},{"type":"Feature","properties":{"name":"Solomon Is."},"geometry":{"type":"MultiPolygon","coordinates":[[[[162.1186,-10.4831],[162.3994,-10.8267],[161.701,-10.82],[161.3194,-10.2056],[161.917,-10.4459],[162.1186,-10.4831]]],[[[161.6794,-9.5996],[161.5282,-9.7841],[160.5814,-8.32],[160.9198,-8.32],[161.2798,-9.1206],[161.6794,-9.5996]]],[[[160.8514,-9.8721],[159.8506,-9.7943],[159.703,-9.2425],[160.6894,-9.6098],[160.8514,-9.8721]]],[[[159.6418,-8.0205],[159.919,-8.5384],[158.2126,-7.4213],[158.821,-7.5601],[159.6418,-8.0205]]],[[[157.1398,-7.0218],[157.5394,-7.3485],[156.9022,-7.1776],[156.5422,-6.5987],[157.1398,-7.0218]]]]}},{"type":"Feature","properties":{"name":"New Zealand"},"geometry":{"type":"MultiPolygon","coordinates":[[[[176.886,-40.0657],[176.0112,-41.2894],[175.2408,-41.6888],[174.6503,-41.2826],[175.2264,-40.46],[174.8987,-39.9083],[173.8223,-39.5088],[173.8511,-39.1466],[174.5747,-38.7979],[174.6971,-37.3813],[174.3191,-36.535],[172.6343,-34.5293],[173.0087,-34.4515],[173.5523,-35.0066],[174.3299,-35.2656],[175.338,-37.2086],[175.356,-36.5265],[175.8096,-36.799],[175.9572,-37.5556],[177.4404,-37.9618],[178.0092,-37.5793],[178.5168,-37.6961],[177.9696,-39.1669],[177.2064,-39.1466],[176.94,-39.4496],[177.0336,-39.8795],[176.886,-40.0657]]],[[[169.6679,-43.5557],[171.1259,-42.5131],[172.0979,-40.956],[172.7999,-40.4939],[173.2463,-41.3317],[173.9591,-40.9272],[174.2471,-41.3486],[174.2471,-41.7701],[172.7099,-43.3729],[173.0807,-43.8536],[171.4535,-44.2429],[170.6183,-45.9084],[169.3331,-46.6413],[166.6763,-46.2198],[166.5107,-45.8525],[167.0471,-45.1112],[168.9479,-43.9366],[169.6679,-43.5557]]]]}},{"type":"Feature","properties":{"name":"Australia"},"geometry":{"type":"MultiPolygon","coordinates":[[[[147.6897,-40.8087],[148.2873,-40.8747],[148.3593,-42.0629],[148.0173,-42.4065],[147.9129,-43.2121],[147.5637,-42.9379],[146.8689,-43.6353],[146.0481,-43.549],[144.7196,-41.1624],[144.7448,-40.7038],[146.3649,-41.1371],[146.9085,-41],[147.6897,-40.8087]]],[[[126.1471,-32.2156],[124.221,-32.9603],[123.6594,-33.8895],[119.8938,-33.9758],[118.0254,-35.0642],[116.625,-35.0252],[115.0266,-34.1959],[115.0482,-33.6238],[115.7142,-33.2599],[115.8006,-32.2054],[114.9977,-30.0305],[115.041,-29.4618],[113.3381,-26.1173],[113.7773,-26.5489],[113.4425,-25.6214],[114.2345,-26.2984],[114.2165,-25.7856],[113.3921,-24.3841],[113.8421,-23.0605],[113.7377,-22.4749],[114.1481,-21.7556],[114.2237,-22.5172],[114.6485,-21.83],[116.7114,-20.7011],[117.4422,-20.7468],[119.253,-19.953],[120.855,-19.6839],[122.241,-18.1978],[122.313,-17.2551],[123.0114,-16.4054],[123.4326,-17.2686],[123.861,-17.0689],[123.5046,-16.5967],[123.8178,-16.1109],[124.257,-16.3275],[124.3794,-15.5676],[125.1679,-14.6807],[125.6719,-14.5097],[125.6863,-14.2305],[126.1255,-14.3472],[126.1435,-14.0967],[127.0651,-13.8175],[128.3611,-14.8686],[129.6211,-14.9701],[129.4087,-14.42],[130.3411,-13.3571],[130.1827,-13.1083],[130.6183,-12.5362],[131.2231,-12.1842],[132.5767,-12.1148],[132.5587,-11.6036],[131.8243,-11.2736],[132.3571,-11.128],[133.5523,-11.7864],[135.2984,-12.2485],[136.4936,-11.8575],[136.9508,-12.3517],[136.3064,-13.2911],[135.9608,-13.3249],[136.076,-13.7244],[135.428,-14.7162],[135.5,-14.9972],[139.262,-17.3718],[140.216,-17.7104],[140.8748,-17.3685],[141.2744,-16.3885],[141.7028,-15.0446],[141.6884,-12.4076],[142.5164,-10.6676],[143.5208,-12.8341],[143.9204,-14.5487],[144.5648,-14.1712],[145.3749,-14.9853],[145.4865,-16.2852],[145.8897,-16.9064],[146.3865,-18.9578],[148.8489,-20.3914],[148.7157,-20.6334],[149.2881,-21.2613],[149.6769,-22.3429],[150.0765,-22.1229],[150.4833,-22.5562],[150.7281,-22.4021],[150.9009,-23.4617],[152.8557,-25.2676],[153.1365,-26.0716],[153.0933,-27.2598],[153.5685,-28.1094],[152.8917,-31.6401],[151.0089,-34.311],[150.0765,-36.4199],[149.9973,-37.4253],[149.4249,-37.7723],[148.3053,-37.8095],[146.3181,-39.0366],[144.878,-38.4171],[145.0329,-37.8958],[143.6108,-38.8098],[140.6372,-38.0194],[139.9928,-37.4033],[139.5752,-36.1389],[139.082,-35.7327],[138.1208,-35.6125],[138.4484,-35.1268],[138.2072,-34.3854],[137.7176,-35.076],[136.8284,-35.2605],[137.8904,-33.6407],[137.8112,-32.8994],[136.3712,-34.0943],[135.9896,-34.8898],[135.2084,-34.4785],[135.2408,-33.9488],[134.0851,-32.8486],[134.2723,-32.6167],[131.3275,-31.4962],[129.5347,-31.591],[127.1011,-32.2816],[126.1471,-32.2156]]]]}},{"type":"Feature","properties":{"name":"Sri Lanka"},"geometry":{"type":"MultiPolygon","coordinates":[[[[81.7874,7.5223],[81.6362,6.4814],[80.3474,5.9685],[79.8722,6.764],[79.6958,8.201],[80.1494,9.8242],[81.305,8.5649],[81.7874,7.5223]]]]}},{"type":"Feature","properties":{"name":"China"},"geometry":{"type":"MultiPolygon","coordinates":[[[[109.4753,18.1973],[108.6545,18.507],[108.6257,19.3685],[109.1189,19.8204],[110.7857,20.0777],[111.0089,19.6952],[110.3393,18.678],[109.4753,18.1973]]],[[[80.261,42.3501],[80.1818,42.9205],[80.8658,43.1811],[79.9658,44.9177],[82.4606,45.5389],[83.1806,47.3296],[85.1643,47.0012],[85.7223,47.4531],[85.7691,48.4551],[86.5971,48.5499],[87.7527,49.298],[88.0155,48.599],[88.8543,48.0692],[90.2799,47.6935],[90.9711,46.8878],[90.5859,45.72],[90.9459,45.2867],[93.4803,44.9752],[95.3056,44.2407],[96.3496,42.7258],[100.846,42.6632],[103.312,41.9066],[104.5216,41.9083],[104.9644,41.5969],[106.1309,42.1351],[109.2449,42.5193],[110.4113,42.8714],[111.8297,43.7431],[111.3473,44.4573],[111.8729,45.1022],[113.4641,44.8094],[115.9842,45.7267],[117.4206,46.6729],[119.6634,46.6932],[119.7714,47.0486],[118.065,48.0675],[117.2946,47.6969],[115.743,47.7273],[115.4838,48.1353],[116.679,49.8887],[117.8778,49.5113],[119.289,50.1426],[119.2782,50.5827],[120.7398,51.9638],[120.7254,52.5156],[120.1782,52.7542],[121.0026,53.2519],[122.2446,53.4313],[123.573,53.4583],[125.9455,52.7932],[127.6591,49.7601],[129.3979,49.4402],[130.5823,48.7293],[130.9855,47.79],[132.5083,47.7883],[135.0248,48.4788],[133.0987,45.1445],[131.8819,45.3205],[131.0251,44.9685],[131.2879,44.112],[131.1439,42.9306],[130.6327,42.9036],[130.6399,42.3958],[129.9955,42.9848],[129.5959,42.4246],[128.0515,41.9946],[128.2099,41.4666],[127.3423,41.5038],[126.8707,41.8169],[124.2642,39.928],[121.053,38.8973],[121.5858,39.361],[121.377,39.7503],[122.169,40.4223],[121.6398,40.947],[119.6382,39.8976],[119.0226,39.2527],[118.0434,39.2036],[117.5322,38.7382],[118.0614,38.0611],[118.8786,37.897],[118.911,37.4484],[119.703,37.1556],[120.8226,37.8699],[122.3562,37.4552],[122.5182,36.9305],[121.1034,36.6512],[119.6634,35.6103],[119.1522,34.9096],[120.2286,34.3595],[120.621,33.3761],[121.9098,31.692],[121.8918,30.949],[121.2654,30.6765],[121.503,30.1434],[122.0934,29.8319],[121.683,28.2257],[121.125,28.136],[118.6554,24.5478],[115.8906,22.7824],[114.7637,22.6673],[114.1517,22.2239],[113.8061,22.5488],[113.2409,22.0512],[110.7857,21.3979],[110.4437,20.3417],[109.8893,20.2825],[109.6265,21.0086],[109.8641,21.3945],[107.0417,21.8126],[106.5665,22.2188],[106.7249,22.7943],[105.3281,23.3528],[104.4784,22.8197],[102.7072,22.7096],[101.6524,22.3187],[101.8036,21.1745],[101.2708,21.2016],[101.1484,21.8498],[100.4176,21.5587],[99.2404,22.1189],[99.532,22.9483],[98.8984,23.1429],[98.6608,24.0637],[97.606,23.8978],[97.7248,25.0843],[98.6716,25.9187],[98.6824,27.508],[97.912,28.3357],[96.2488,28.4119],[96.5872,28.8316],[96.1192,29.4528],[95.4064,29.0313],[94.5675,29.2768],[92.5047,27.8973],[91.6983,27.7721],[90.0171,28.2968],[88.8147,27.2999],[88.7319,28.0869],[88.1199,27.877],[85.8231,28.2037],[84.2354,28.8401],[83.9006,29.3208],[82.3274,30.1146],[81.5246,30.4226],[81.1106,30.184],[78.7382,31.516],[78.4574,32.6179],[79.1774,32.4842],[79.2098,32.9936],[78.8102,33.5065],[78.911,34.3223],[77.8382,35.4935],[76.193,35.8981],[75.8978,36.6665],[74.9797,37.4197],[74.8645,38.3793],[73.9285,38.5063],[73.6765,39.4304],[73.9609,39.6606],[73.8205,39.8942],[74.7781,40.3664],[76.5278,40.4273],[76.9058,41.0671],[78.1874,41.1856],[78.5438,41.5817],[80.1206,42.1233],[80.261,42.3501]]]]}},{"type":"Feature","properties":{"name":"Taiwan"},"geometry":{"type":"MultiPolygon","coordinates":[[[[121.7766,24.3937],[120.747,21.97],[120.1062,23.5559],[121.4958,25.2959],[121.953,24.998],[121.7766,24.3937]]]]}},{"type":"Feature","properties":{"name":"Italy"},"geometry":{"type":"MultiPolygon","coordinates":[[[[10.4419,46.8929],[11.0503,46.7507],[12.1519,47.1146],[12.3751,46.7677],[13.8079,46.5087],[13.9375,45.5913],[13.1419,45.7369],[12.3283,45.3815],[12.2599,44.6012],[12.5875,44.0917],[13.5271,43.5873],[14.0311,42.7614],[15.1436,41.9557],[15.9248,41.9608],[16.1696,41.7408],[15.8888,41.541],[18.3764,40.3563],[18.2936,39.8112],[17.7392,40.2784],[16.868,40.4426],[16.4504,39.796],[17.1704,39.4253],[17.0516,38.9023],[16.634,38.8431],[16.1012,37.9867],[15.6836,37.9088],[16.1084,38.965],[15.4136,40.0482],[11.1907,42.3552],[10.5103,42.9306],[10.2007,43.9208],[8.8903,44.3659],[7.4359,43.694],[7.5511,44.1273],[7.0075,44.2542],[6.7483,45.0277],[7.0975,45.3324],[6.8419,45.9908],[7.7563,45.8249],[8.3179,46.1634],[8.9659,46.0365],[9.1819,46.441],[10.3627,46.4833],[10.4419,46.8929]]],[[[14.7619,38.1441],[15.5216,38.2304],[15.1004,36.6208],[12.4327,37.6126],[12.5695,38.1272],[13.7395,38.0358],[14.7619,38.1441]]],[[[8.7103,40.8996],[9.2107,41.2093],[9.8083,40.5001],[9.6679,39.1765],[9.2143,39.2409],[8.8075,38.9074],[8.4295,39.1715],[8.1595,40.9503],[8.7103,40.8996]]]]}},{"type":"Feature","properties":{"name":"Denmark"},"geometry":{"type":"MultiPolygon","coordinates":[[[[9.9235,54.9833],[8.5267,54.963],[8.1199,55.5182],[8.0911,56.5405],[8.5447,57.1092],[9.4231,57.1718],[10.5787,57.7304],[10.2511,56.8909],[10.9135,56.4593],[9.6499,55.4708],[9.9235,54.9833]]],[[[12.3715,56.1106],[12.6883,55.6096],[12.0907,54.8005],[11.0431,55.3642],[10.9027,55.7805],[12.3715,56.1106]]]]}},{"type":"Feature","properties":{"name":"United Kingdom"},"geometry":{"type":"MultiPolygon","coordinates":[[[[-6.1975,53.8679],[-7.5727,54.0592],[-7.3675,54.5957],[-7.5727,55.1323],[-6.7339,55.1729],[-5.6611,54.5551],[-6.1975,53.8679]]],[[[-3.0942,53.4042],[-2.9466,53.9847],[-3.6306,54.6144],[-4.8438,54.7904],[-5.0815,55.0612],[-4.7178,55.508],[-5.0491,55.7839],[-5.5855,55.3117],[-5.6467,56.2748],[-6.1507,56.7842],[-5.7871,57.8184],[-5.0095,58.6308],[-3.0042,58.6342],[-4.0734,57.5526],[-1.9602,57.6847],[-2.2194,56.8705],[-3.1194,55.9735],[-2.0862,55.9092],[-1.1142,54.6245],[-0.4302,54.4637],[0.4698,52.9303],[1.683,52.739],[1.5606,52.0992],[1.0494,51.8064],[1.449,51.2902],[0.549,50.7655],[-2.4894,50.4998],[-2.9574,50.6961],[-3.6162,50.2289],[-4.5414,50.3423],[-5.2435,49.9598],[-5.7763,50.1596],[-4.311,51.2106],[-3.4146,51.4256],[-4.9842,51.5931],[-5.2687,51.9909],[-4.221,52.3006],[-4.7682,52.8406],[-4.581,53.4956],[-3.0942,53.4042]]]]}},{"type":"Feature","properties":{"name":"Iceland"},"geometry":{"type":"MultiPolygon","coordinates":[[[[-14.5099,66.4555],[-14.7403,65.8089],[-13.6099,65.1268],[-14.9095,64.3635],[-18.6572,63.4969],[-22.7612,63.9607],[-21.7784,64.4024],[-23.9564,64.8916],[-22.1852,65.0845],[-22.2284,65.379],[-24.3272,65.6109],[-23.6504,66.2626],[-22.1348,66.4098],[-20.576,65.7328],[-19.0568,66.2761],[-17.8004,65.9934],[-16.1696,66.5266],[-14.5099,66.4555]]]]}},{"type":"Feature","properties":{"name":"Azerbaijan"},"geometry":{"type":"MultiPolygon","coordinates":[[[[46.4063,41.8609],[47.8139,41.1518],[48.5843,41.8085],[49.6175,40.5729],[50.3915,40.2564],[49.5707,40.1768],[49.2215,39.0496],[48.8579,38.816],[48.8831,38.3201],[48.0119,38.794],[48.3539,39.2882],[48.0587,39.5828],[46.5071,38.7703],[46.4819,39.4643],[45.6107,39.8993],[45.8915,40.2192],[44.9734,41.2482],[45.2183,41.4107],[46.4999,41.0637],[46.1471,41.7221],[46.4063,41.8609]]],[[[46.1435,38.7416],[45.4595,38.8736],[44.7934,39.7131],[45.7367,39.3204],[46.1435,38.7416]]]]}},{"type":"Feature","properties":{"name":"Georgia"},"geometry":{"type":"MultiPolygon","coordinates":[[[[39.955,43.435],[42.3958,43.2201],[43.9294,42.5549],[45.4703,42.5024],[46.4063,41.8609],[46.1471,41.7221],[46.6367,41.1822],[45.2183,41.4107],[43.5838,41.0925],[42.619,41.5834],[41.5534,41.536],[41.7046,41.9625],[41.4526,42.6446],[40.3222,43.1287],[39.955,43.435]]]]}},{"type":"Feature","properties":{"name":"Philippines"},"geometry":{"type":"MultiPolygon","coordinates":[[[[120.8334,12.7049],[120.3222,13.4666],[121.179,13.4293],[121.5282,13.0688],[121.2618,12.2056],[120.8334,12.7049]]],[[[122.5866,9.9816],[122.9466,10.882],[123.4974,10.9413],[123.339,10.2676],[124.077,11.2324],[123.9834,10.2795],[122.997,9.0219],[122.3814,9.7142],[122.5866,9.9816]]],[[[126.3775,8.4143],[126.5359,7.1889],[126.1975,6.2749],[125.8303,7.2938],[125.3623,6.786],[125.6827,6.0498],[125.3983,5.5809],[124.221,6.1615],[123.9402,6.8859],[124.2426,7.3598],[123.609,7.8337],[123.2958,7.4191],[122.8242,7.458],[122.0862,6.8994],[121.9206,7.1923],[122.313,8.0352],[123.4866,8.6936],[123.8394,8.24],[124.6026,8.5141],[124.7646,8.961],[125.4703,8.9864],[125.4127,9.7599],[126.2227,9.286],[126.3055,8.7833],[126.3775,8.4143]]],[[[118.5042,9.3164],[117.1758,8.3669],[118.9866,10.376],[119.5122,11.3695],[119.6886,10.5537],[119.0298,10.0036],[118.5042,9.3164]]],[[[122.3382,18.2244],[122.1726,17.8097],[122.5146,17.0937],[122.2518,16.2627],[121.6614,15.9309],[121.5066,15.1253],[121.7298,14.3281],[122.7018,14.3365],[123.951,13.7814],[124.077,12.5374],[122.9286,13.5529],[122.673,13.1856],[122.0358,13.7848],[121.125,13.6375],[120.6282,13.8576],[120.9918,14.5261],[120.693,14.7563],[120.5634,14.3958],[119.9226,15.4062],[119.883,16.3642],[120.2862,16.0342],[120.7146,18.5053],[121.9386,18.2193],[122.2446,18.4782],[122.3382,18.2244]]],[[[122.0394,11.4152],[121.8846,11.8925],[123.1194,11.5844],[123.1014,11.1664],[122.637,10.7416],[122.0034,10.4403],[121.9674,10.9057],[122.0394,11.4152]]],[[[125.5027,12.1633],[125.7835,11.0462],[125.0131,11.3119],[125.2759,10.359],[124.8006,10.1339],[124.761,10.838],[124.4586,10.8905],[124.3038,11.4947],[124.8906,11.4152],[124.8762,11.7943],[124.2678,12.5577],[125.2255,12.5357],[125.5027,12.1633]]]]}},{"type":"Feature","properties":{"name":"Malaysia"},"geometry":{"type":"MultiPolygon","coordinates":[[[[100.0864,6.4645],[100.2592,6.6422],[101.0764,6.2055],[101.1556,5.691],[101.8144,5.8111],[102.142,6.2224],[102.9628,5.5251],[103.3804,4.8548],[103.5028,2.7916],[103.8556,2.5157],[104.23,1.2937],[103.5208,1.226],[101.3896,2.7611],[100.198,5.3118],[100.306,6.0413],[100.0864,6.4645]]],[[[117.8814,4.1372],[115.8654,4.3064],[114.6197,1.4308],[113.8061,1.2175],[112.8593,1.4985],[111.7973,0.9044],[110.5157,0.7724],[109.8317,1.3377],[109.6625,2.0063],[110.3969,1.6644],[111.1673,1.8505],[111.3689,2.6968],[112.9961,3.103],[114.2057,4.5265],[114.6593,4.0069],[114.8681,4.3488],[115.347,4.3166],[115.4514,5.4472],[116.7258,6.9248],[117.129,6.9282],[117.6438,6.4221],[117.6906,5.9872],[119.181,5.4083],[119.109,5.0156],[118.4394,4.9665],[118.6194,4.4774],[117.8814,4.1372]]]]}},{"type":"Feature","properties":{"name":"Brunei"},"geometry":{"type":"MultiPolygon","coordinates":[[[[115.4514,5.4472],[115.347,4.3166],[114.8681,4.3488],[114.6593,4.0069],[114.2057,4.5265],[114.6017,4.9005],[115.4514,5.4472]]]]}},{"type":"Feature","properties":{"name":"Slovenia"},"geometry":{"type":"MultiPolygon","coordinates":[[[[13.8079,46.5087],[14.6323,46.4325],[16.202,46.8523],[16.5656,46.5036],[15.77,46.2379],[15.3272,45.4525],[13.7143,45.4999],[13.9375,45.5913],[13.6963,46.0162],[13.8079,46.5087]]]]}},{"type":"Feature","properties":{"name":"Finland"},"geometry":{"type":"MultiPolygon","coordinates":[[[[28.5933,69.0654],[28.4457,68.3647],[29.9757,67.6978],[29.0541,66.9447],[30.2169,65.8056],[29.5437,64.9491],[30.4437,64.2044],[30.0369,63.5528],[31.5165,62.8673],[31.1385,62.3578],[28.0713,60.5028],[22.8692,59.8461],[22.2896,60.3928],[21.3212,60.7194],[21.5444,61.7045],[21.0584,62.6066],[21.5372,63.1906],[25.3965,65.1116],[25.2957,65.5348],[23.9024,66.007],[23.5676,66.3963],[23.5388,67.9365],[20.6444,69.1061],[21.2456,69.3701],[22.358,68.842],[24.734,68.6491],[25.6881,69.0925],[26.1813,69.8254],[27.7329,70.1639],[29.0145,69.7661],[28.5933,69.0654]]]]}},{"type":"Feature","properties":{"name":"Slovakia"},"geometry":{"type":"MultiPolygon","coordinates":[[[[22.5596,49.0865],[21.872,48.3197],[20.8028,48.6244],[17.858,47.7578],[16.9796,48.1234],[16.8788,48.4704],[18.5564,49.4944],[19.3196,49.5722],[19.8236,49.2168],[21.6092,49.4707],[22.5596,49.0865]]]]}},{"type":"Feature","properties":{"name":"Czechia"},"geometry":{"type":"MultiPolygon","coordinates":[[[[15.0176,51.1074],[16.238,50.6978],[16.1768,50.4219],[16.7204,50.2154],[16.868,50.4744],[17.5556,50.3627],[17.6492,50.0495],[18.3944,49.9886],[18.8516,49.4961],[16.9616,48.5973],[15.2552,49.0391],[14.3371,48.555],[12.5227,49.5468],[12.2383,50.2662],[14.3083,51.1175],[14.5711,51.0024],[15.0176,51.1074]]]]}},{"type":"Feature","properties":{"name":"Eritrea"},"geometry":{"type":"MultiPolygon","coordinates":[[[[36.4306,14.4229],[36.8518,16.9566],[37.903,17.4272],[38.4106,17.9976],[39.2674,15.9225],[43.0798,12.6998],[42.3526,12.5424],[40.8982,14.1182],[40.027,14.5193],[39.0982,14.7411],[38.5114,14.5058],[37.9066,14.9594],[37.5934,14.213],[36.4306,14.4229]]]]}},{"type":"Feature","properties":{"name":"Japan"},"geometry":{"type":"MultiPolygon","coordinates":[[[[141.8828,39.1816],[140.9612,38.1745],[140.9756,37.1421],[140.6012,36.3432],[140.774,35.8422],[140.252,35.1381],[138.974,34.6676],[137.2172,34.6066],[135.7916,33.4642],[135.122,33.8484],[135.0788,34.5965],[133.3399,34.3764],[132.1555,33.9042],[130.9855,33.8856],[132.0007,33.1493],[131.3311,31.45],[130.6867,31.0303],[130.2007,31.4178],[130.4491,32.32],[129.8155,32.6111],[129.4087,33.2966],[130.3555,33.6046],[132.6163,35.4326],[134.6071,35.7322],[135.6764,35.5274],[136.724,37.3046],[137.39,36.8273],[139.4276,38.2152],[140.054,39.4389],[139.8848,40.5627],[140.306,41.1958],[141.368,41.3786],[141.9152,39.9924],[141.8828,39.1816]]],[[[144.6116,43.9614],[145.3209,44.3845],[145.5441,43.2624],[144.0608,42.9882],[143.1824,41.9946],[141.6128,42.6784],[141.0656,41.585],[139.9568,41.5698],[139.8164,42.5633],[140.3132,43.3335],[141.3788,43.3893],[141.9692,45.5507],[143.9096,44.1747],[144.6116,43.9614]]],[[[132.3715,33.4642],[132.9259,34.0599],[133.4947,33.9448],[133.9051,34.3646],[134.6395,34.1496],[134.7655,33.806],[134.2039,33.2018],[133.7935,33.5217],[133.2787,33.2898],[133.0159,32.7042],[132.3643,32.9885],[132.3715,33.4642]]]]}},{"type":"Feature","properties":{"name":"Paraguay"},"geometry":{"type":"MultiPolygon","coordinates":[[[[-58.1676,-20.1764],[-57.8724,-20.7333],[-57.9372,-22.0907],[-56.8824,-22.282],[-56.472,-22.0856],[-55.7988,-22.3564],[-55.3992,-23.9576],[-54.2939,-24.0202],[-54.7871,-26.6217],[-55.6944,-27.3884],[-56.4864,-27.5492],[-58.6176,-27.1244],[-57.6348,-25.6045],[-57.7788,-25.1627],[-60.846,-23.8814],[-62.6856,-22.2498],[-61.7856,-19.6331],[-59.1144,-19.3572],[-58.182,-19.8684],[-58.1676,-20.1764]]]]}},{"type":"Feature","properties":{"name":"Yemen"},"geometry":{"type":"MultiPolygon","coordinates":[[[[52.0007,18.9995],[53.1095,16.6503],[52.3859,16.3829],[52.1699,15.5975],[49.5743,14.7089],[48.6779,14.0031],[45.6251,13.2905],[44.9878,12.6998],[43.483,12.6372],[42.6046,15.2133],[42.8062,15.2624],[42.781,16.3473],[43.2166,16.6672],[43.3822,17.5795],[43.7926,17.3205],[46.7483,17.2833],[47.0003,16.9499],[47.4683,17.1174],[48.1847,18.1668],[49.1171,18.617],[52.0007,18.9995]]]]}},{"type":"Feature","properties":{"name":"Saudi Arabia"},"geometry":{"type":"MultiPolygon","coordinates":[[[[34.9545,29.3563],[36.0706,29.1972],[36.7402,29.8658],[37.5034,30.0046],[38.0002,30.5089],[37.003,31.5092],[39.1954,32.1609],[41.8882,31.1894],[44.7106,29.1786],[47.4611,29.0026],[47.7095,28.5253],[48.4151,28.5523],[48.8075,27.6891],[50.1539,26.6888],[50.2403,25.6073],[50.8091,24.7542],[51.3887,24.6273],[52.0007,23.0008],[55.0068,22.4964],[55.2084,22.7079],[55.6656,22.0005],[54.9995,19.9998],[52.0007,18.9995],[49.1171,18.617],[48.1847,18.1668],[47.4683,17.1174],[47.0003,16.9499],[46.7483,17.2833],[43.7926,17.3205],[43.3822,17.5795],[43.2166,16.6672],[42.781,16.3473],[40.9378,19.487],[39.8002,20.3384],[39.1378,21.2913],[39.0658,22.5793],[38.4934,23.6879],[37.4854,24.2854],[36.931,25.6022],[35.131,28.0632],[34.6305,28.0581],[34.8321,28.9569],[34.9545,29.3563]]]]}},{"type":"Feature","properties":{"name":"Antarctica"},"geometry":{"type":"MultiPolygon","coordinates":[[[[-48.6599,-78.0467],[-46.6619,-77.8317],[-43.9222,-78.4783],[-43.4902,-79.0859],[-43.3318,-80.0253],[-50.4815,-81.0256],[-52.8503,-80.9663],[-54.1643,-80.6329],[-53.9879,-80.2216],[-50.9927,-79.614],[-49.3079,-78.458],[-48.6599,-78.0467]]],[[[-66.2893,-80.2555],[-61.8828,-80.3926],[-60.6084,-79.6292],[-59.5716,-80.0405],[-60.1584,-81.0002],[-64.4892,-80.9223],[-65.7421,-80.55],[-66.2893,-80.2555]]],[[[-73.9141,-71.2697],[-72.0745,-71.1901],[-71.7793,-70.6807],[-71.7433,-69.506],[-71.1745,-69.0355],[-70.2529,-68.8781],[-68.7265,-70.5046],[-68.3341,-71.4068],[-68.7841,-72.1701],[-71.0773,-72.5036],[-72.3877,-72.4849],[-71.8981,-72.0923],[-74.1913,-72.3665],[-74.9545,-72.072],[-75.0122,-71.6607],[-73.9141,-71.2697]]],[[[-102.3292,-71.8942],[-101.7028,-71.7182],[-96.7888,-71.9535],[-96.202,-72.5205],[-101.8036,-72.3055],[-102.3292,-71.8942]]],[[[-122.6226,-73.6579],[-122.4066,-73.3244],[-119.919,-73.6579],[-118.7238,-73.4819],[-120.2322,-74.0895],[-121.6218,-74.0099],[-122.6226,-73.6579]]],[[[-127.2847,-73.4615],[-126.5575,-73.2466],[-124.0302,-73.8728],[-125.9131,-73.7357],[-127.2847,-73.4615]]],[[[-163.7134,-78.5951],[-163.105,-78.2227],[-161.2438,-78.3801],[-159.4834,-79.047],[-159.2098,-79.4972],[-161.1286,-79.6343],[-163.0654,-78.8693],[-163.7134,-78.5951]]],[[[-180,-84.7137],[-179.9296,-84.7137],[-180,-84.7137]]],[[[-179.9296,-84.7137],[-165.423,-84.7137],[-169.9523,-83.8843],[-172.8899,-84.0603],[-174.3839,-84.5343],[-175.8312,-84.1179],[-177.2568,-84.453],[-179.0604,-84.1399],[-179.9296,-84.7137]]],[[[-165.423,-84.7137],[-158.0722,-85.3738],[-155.1922,-85.0996],[-148.5321,-85.609],[-143.1068,-85.0403],[-142.9569,-84.7137],[-165.423,-84.7137]]],[[[-158.3638,-76.889],[-158.0506,-78.0264],[-155.329,-79.0639],[-149.5329,-79.3584],[-146.7717,-79.9271],[-146.4189,-80.3384],[-150.6489,-81.337],[-152.0961,-81.0036],[-156.8374,-81.1018],[-152.8629,-82.0428],[-152.6649,-82.4541],[-153.5865,-83.688],[-150.9045,-83.9046],[-150.0621,-84.2956],[-142.9569,-84.7137],[180,-84.7137],[175.986,-84.1585],[173.2247,-84.4141],[172.2851,-84.0417],[169.4051,-83.8251],[168.8939,-83.3359],[163.7062,-82.3949],[159.7894,-80.946],[161.7658,-79.1621],[166.9967,-78.7508],[166.6043,-78.3192],[164.743,-78.1821],[163.4902,-77.065],[163.5694,-76.2424],[164.2354,-75.4588],[166.0931,-74.3806],[169.2863,-73.6562],[171.0899,-72.0889],[171.2051,-71.6962],[167.3099,-70.8347],[161.5714,-70.5791],[159.181,-69.5991],[156.8122,-69.3842],[154.2849,-68.5616],[153.6369,-68.895],[152.5029,-68.8747],[148.8381,-68.3856],[146.6457,-67.8947],[146.0013,-67.6019],[146.1957,-67.2295],[145.4901,-66.9147],[137.462,-66.9553],[136.6196,-66.7776],[135.698,-65.5827],[135.0716,-65.3085],[134.7583,-66.2106],[128.8039,-66.759],[123.2202,-66.4848],[119.8326,-67.2685],[116.7006,-66.6608],[115.6026,-66.6998],[113.6045,-65.8772],[111.7433,-66.1311],[110.2349,-66.6998],[106.1813,-66.935],[102.8332,-65.5641],[99.7192,-67.2482],[95.7808,-67.3853],[94.1751,-67.1111],[89.6715,-67.15],[88.8291,-66.9553],[87.9867,-66.2106],[87.4755,-66.8758],[86.7519,-67.15],[82.7774,-67.2092],[79.1126,-68.3263],[77.6438,-69.462],[73.8637,-69.875],[73.0825,-70.7162],[71.0233,-72.0889],[69.8677,-72.2649],[67.9489,-71.8536],[69.0649,-70.6773],[67.9489,-70.6976],[67.8121,-70.3049],[69.5545,-69.6787],[69.6733,-69.2268],[68.8885,-67.9336],[64.0536,-67.4056],[62.3868,-68.0132],[61.4292,-67.954],[58.7436,-67.2871],[57.2568,-66.6795],[57.1596,-66.2496],[56.3568,-65.9754],[54.5351,-65.818],[51.7919,-66.2496],[50.9495,-66.5237],[50.7551,-66.8758],[48.9911,-67.0924],[47.4431,-67.7187],[46.5035,-67.6019],[41.9602,-68.6005],[38.6482,-69.7768],[37.201,-69.1692],[36.1606,-69.2471],[33.8709,-68.5023],[31.9917,-69.6584],[27.0921,-70.4623],[22.5704,-70.6976],[21.4544,-70.0697],[19.2584,-69.8936],[15.95,-70.0307],[15.1256,-70.4031],[14.7367,-70.0307],[13.4227,-69.9715],[10.8163,-70.8347],[9.5239,-70.0121],[8.4871,-70.1492],[7.7419,-69.8936],[6.2731,-70.4623],[-0.2286,-71.637],[-0.6606,-71.2257],[-4.3434,-71.4609],[-5.5351,-71.4034],[-5.7907,-71.031],[-6.8671,-70.9329],[-7.3783,-71.3238],[-7.4179,-71.6962],[-10.2943,-71.2646],[-12.2923,-72.402],[-15.446,-73.1467],[-16.4648,-73.8711],[-15.4064,-74.1064],[-15.7016,-74.4991],[-17.5232,-75.1253],[-22.4588,-76.1053],[-28.8813,-76.674],[-35.7754,-78.3395],[-35.9158,-79.0842],[-35.6386,-79.4566],[-29.6841,-79.2603],[-29.6841,-79.6326],[-28.5501,-80.3384],[-38.245,-81.337],[-40.7722,-81.3573],[-42.1618,-81.6501],[-42.8098,-82.0817],[-49.7615,-81.7297],[-58.2216,-83.2191],[-59.6904,-82.3763],[-75.3614,-80.2589],[-78.0254,-79.1824],[-77.9246,-78.3784],[-76.4954,-78.1229],[-74.7709,-78.221],[-73.6549,-77.9079],[-74.2813,-77.5558],[-76.9274,-77.1056],[-77.2406,-76.7129],[-70.6021,-76.6351],[-69.7993,-76.2238],[-64.3524,-75.2624],[-63.294,-74.5769],[-61.962,-74.4398],[-60.828,-73.6951],[-60.6912,-73.1653],[-61.8072,-70.7162],[-63.1968,-69.2268],[-64.7844,-68.6784],[-65.6665,-67.954],[-65.5081,-67.5816],[-63.744,-66.5034],[-62.1204,-66.1903],[-62.6496,-65.4845],[-62.0232,-64.799],[-60.612,-64.3099],[-59.046,-64.3674],[-57.2244,-63.5262],[-57.8112,-63.2706],[-63.6288,-64.8972],[-67.7401,-67.326],[-67.4269,-68.1503],[-68.5429,-69.7176],[-67.2505,-71.637],[-67.3693,-72.4799],[-68.9353,-73.0096],[-74.8897,-73.8711],[-76.2218,-73.9693],[-77.9246,-73.4209],[-79.2962,-73.5191],[-80.297,-73.1264],[-81.4706,-73.8525],[-85.1931,-73.4802],[-86.0139,-73.0875],[-88.4223,-73.0096],[-89.2287,-72.5594],[-90.0891,-73.3228],[-92.4399,-73.1653],[-96.3352,-73.6173],[-97.6888,-73.558],[-99.136,-72.9115],[-103.6828,-72.617],[-103.114,-73.734],[-102.5452,-74.1064],[-101.2528,-74.1843],[-100.1152,-74.8714],[-100.6444,-75.3014],[-104.8744,-74.9493],[-107.5601,-75.1846],[-111.2609,-74.4195],[-112.2977,-74.714],[-113.9429,-73.7154],[-116.2146,-74.2435],[-117.471,-74.0286],[-121.0746,-74.5177],[-135.2156,-74.3027],[-144.3236,-75.5366],[-144.9104,-75.2049],[-146.2029,-75.3809],[-146.4945,-75.733],[-146.1057,-76.4777],[-151.3329,-77.3984],[-152.9205,-77.4966],[-153.7413,-77.065],[-156.9742,-77.3003],[-157.8742,-76.9871],[-158.3638,-76.889]]]]}},{"type":"Feature","properties":{"name":"N. Cyprus"},"geometry":{"type":"MultiPolygon","coordinates":[[[[32.7333,35.1398],[34.5765,35.6712],[33.8997,35.2464],[33.9753,35.0585],[32.9205,35.0873],[32.7333,35.1398]]]]}},{"type":"Feature","properties":{"name":"Cyprus"},"geometry":{"type":"MultiPolygon","coordinates":[[[[32.7333,35.1398],[34.0041,34.9773],[32.9781,34.5711],[32.4885,34.7014],[32.2581,35.1025],[32.7333,35.1398]]]]}},{"type":"Feature","properties":{"name":"Morocco"},"geometry":{"type":"MultiPolygon","coordinates":[[[[-2.169,35.1686],[-1.125,32.6517],[-1.3086,32.2624],[-3.6486,31.6379],[-3.6918,30.8965],[-4.8582,30.5005],[-5.2435,30.0012],[-7.0579,29.5797],[-8.6743,28.8418],[-8.7931,27.1204],[-11.3923,26.8835],[-12.5011,24.7695],[-13.8907,23.6913],[-14.2219,22.3102],[-14.7511,21.5011],[-17.0192,21.4216],[-15.9824,23.7235],[-15.0896,24.5207],[-14.4415,26.2539],[-13.7755,26.6194],[-12.6199,28.0378],[-11.6875,28.1478],[-9.5635,29.9335],[-9.8155,31.1775],[-9.3007,32.5654],[-8.6563,33.2407],[-6.9139,34.1107],[-5.9311,35.7593],[-5.1931,35.7559],[-4.5918,35.331],[-2.6046,35.1787],[-2.169,35.1686]]]]}},{"type":"Feature","properties":{"name":"Egypt"},"geometry":{"type":"MultiPolygon","coordinates":[[[[36.8662,22.0005],[25.0005,22.0005],[25.0005,29.2378],[24.7016,30.0435],[24.9572,30.6613],[24.8024,31.0895],[25.1661,31.5685],[26.4945,31.5854],[28.9137,30.8695],[30.0945,31.4737],[30.9765,31.5566],[31.6893,31.4297],[31.9593,30.9338],[32.1933,31.2604],[33.7737,30.9676],[34.2669,31.2198],[34.9221,29.5019],[34.1553,27.8229],[33.9213,27.6485],[33.1365,28.4169],[32.3193,29.7608],[34.1049,26.1421],[35.6926,23.9266],[35.527,23.1023],[36.6898,22.2053],[36.8662,22.0005]]]]}},{"type":"Feature","properties":{"name":"Libya"},"geometry":{"type":"MultiPolygon","coordinates":[[[[25.0005,22.0005],[25.0005,20.0032],[23.8484,19.9998],[23.8376,19.5801],[15.86,23.4104],[14.1427,22.4913],[13.5811,23.0397],[12.0007,23.4713],[10.7731,24.563],[10.3051,24.3785],[9.3187,26.0948],[9.7147,26.5128],[9.8587,28.9603],[9.4807,30.3075],[9.9703,30.5394],[9.9487,31.3755],[11.4319,32.3691],[11.4895,33.1375],[15.2444,32.2658],[15.7124,31.3755],[19.0856,30.2669],[20.054,30.9862],[19.82,31.7513],[20.8532,32.7076],[22.8944,32.6382],[23.2364,32.1913],[24.9212,31.8985],[25.1661,31.5685],[24.8024,31.0895],[24.9572,30.6613],[24.7016,30.0435],[25.0005,29.2378],[25.0005,25.6818],[25.0005,22.0005]]]]}},{"type":"Feature","properties":{"name":"Ethiopia"},"geometry":{"type":"MultiPolygon","coordinates":[[[[47.7887,8.003],[44.9626,5.0021],[43.6594,4.9581],[41.8558,3.9188],[41.1718,3.9188],[40.7686,4.2574],[39.559,3.4212],[38.1226,3.599],[36.8554,4.4486],[36.1606,4.4486],[35.8186,4.777],[35.8186,5.3389],[35.2966,5.5065],[34.7061,6.5948],[33.5685,7.7136],[32.9529,7.7847],[33.2949,8.355],[33.8241,8.3787],[34.2561,10.6298],[34.7313,10.9108],[35.2606,12.0821],[35.8654,12.578],[36.4306,14.4229],[37.5934,14.213],[37.9066,14.9594],[38.5114,14.5058],[39.0982,14.7411],[40.8982,14.1182],[42.3526,12.5424],[41.6614,11.6318],[41.755,11.0513],[42.7774,10.926],[42.5578,10.5723],[43.6774,9.1844],[46.9499,7.9962],[47.7887,8.003]]]]}},{"type":"Feature","properties":{"name":"Djibouti"},"geometry":{"type":"MultiPolygon","coordinates":[[[[42.3526,12.5424],[43.0798,12.6998],[43.3174,12.3901],[43.285,11.9754],[42.7162,11.7351],[43.1446,11.4626],[42.7774,10.926],[41.755,11.0513],[41.6614,11.6318],[41.9998,12.1007],[42.3526,12.5424]]]]}},{"type":"Feature","properties":{"name":"Somaliland"},"geometry":{"type":"MultiPolygon","coordinates":[[[[48.9479,11.4101],[48.9371,9.4518],[47.7887,8.003],[46.9499,7.9962],[43.6774,9.1844],[42.5578,10.5723],[43.1446,11.4626],[44.1166,10.4454],[48.3791,11.3763],[48.9479,11.4101]]]]}},{"type":"Feature","properties":{"name":"Uganda"},"geometry":{"type":"MultiPolygon","coordinates":[[[[33.9033,-0.9506],[30.7713,-1.015],[29.5797,-1.3416],[29.8749,0.598],[31.1745,2.2043],[30.7749,2.3397],[30.8325,3.5093],[31.2465,3.7818],[31.8801,3.5583],[33.3885,3.7902],[34.0041,4.2506],[35.0374,1.9064],[33.8925,0.1106],[33.9033,-0.9506]]]]}},{"type":"Feature","properties":{"name":"Rwanda"},"geometry":{"type":"MultiPolygon","coordinates":[[[[30.4185,-1.1351],[30.8145,-1.6988],[30.7569,-2.2878],[29.9397,-2.3487],[29.6337,-2.9174],[29.0253,-2.8395],[29.2917,-1.6209],[29.8209,-1.4432],[30.4185,-1.1351]]]]}},{"type":"Feature","properties":{"name":"Bosnia and Herz."},"geometry":{"type":"MultiPolygon","coordinates":[[[[18.56,42.6497],[16.4576,44.041],[15.7484,44.8195],[15.9608,45.2342],[16.3172,45.004],[17.0012,45.2342],[19.3664,44.8635],[19.118,44.4235],[19.6004,44.0393],[19.4528,43.5687],[18.7076,43.1997],[18.56,42.6497]]]]}},{"type":"Feature","properties":{"name":"Macedonia"},"geometry":{"type":"MultiPolygon","coordinates":[[[[22.3796,42.3196],[22.88,41.9997],[22.952,41.3379],[21.0188,40.842],[20.6048,41.0857],[20.4644,41.5157],[20.7632,42.0522],[21.9188,42.3044],[22.3796,42.3196]]]]}},{"type":"Feature","properties":{"name":"Serbia"},"geometry":{"type":"MultiPolygon","coordinates":[[[[18.83,45.9095],[20.2196,46.1279],[21.4832,45.1817],[21.5624,44.7688],[22.1456,44.4776],[22.7072,44.5775],[22.412,44.0088],[22.9844,43.2116],[22.5452,42.4618],[21.5768,42.2451],[21.7748,42.6835],[20.8136,43.2725],[20.2592,42.8122],[19.2188,43.523],[19.6004,44.0393],[19.118,44.4235],[19.3664,44.8635],[19.0064,44.8601],[19.3916,45.2359],[19.0712,45.5219],[18.83,45.9095]]]]}},{"type":"Feature","properties":{"name":"Montenegro"},"geometry":{"type":"MultiPolygon","coordinates":[[[[20.072,42.5887],[19.7372,42.6886],[19.3052,42.1961],[19.37,41.8779],[18.4484,42.4804],[18.7076,43.1997],[19.2188,43.523],[20.2592,42.8122],[20.072,42.5887]]]]}},{"type":"Feature","properties":{"name":"Kosovo"},"geometry":{"type":"MultiPolygon","coordinates":[[[[20.5904,41.8559],[20.072,42.5887],[20.8136,43.2725],[21.7748,42.6835],[21.5768,42.2451],[20.7164,41.8474],[20.5904,41.8559]]]]}},{"type":"Feature","properties":{"name":"Trinidad and Tobago"},"geometry":{"type":"MultiPolygon","coordinates":[[[[-61.6812,10.7602],[-60.8964,10.855],[-60.936,10.1102],[-61.9512,10.0899],[-61.6596,10.3658],[-61.6812,10.7602]]]]}},{"type":"Feature","properties":{"name":"S. Sudan"},"geometry":{"type":"MultiPolygon","coordinates":[[[[30.8325,3.5093],[29.7165,4.601],[27.9813,4.408],[27.2145,5.5505],[26.4657,5.9465],[26.2137,6.5474],[25.1229,7.5003],[25.1157,7.8253],[23.888,8.6191],[24.536,8.917],[25.0689,10.2744],[25.7889,10.4115],[26.7537,9.4671],[27.1137,9.638],[28.9677,9.3977],[29.9973,10.2913],[30.8361,9.7074],[31.3545,9.8106],[32.3985,11.0801],[32.0745,11.9737],[33.2085,12.1785],[33.2085,10.7196],[33.7233,10.3252],[33.9753,8.6851],[33.8241,8.3787],[33.2949,8.355],[32.9529,7.7847],[33.5685,7.7136],[34.0761,7.2261],[35.2966,5.5065],[33.3885,3.7902],[31.8801,3.5583],[31.2465,3.7818],[30.8325,3.5093]]]]}}]}